id_aluno,data_matricula,data_cancelamento,plano,valor_mensalidade,unidade,modalidade_principal,idade,frequencia_semanal,usa_app,checkins_app_mes,outlier_frequencia_semanal,outlier_valor_mensalidade,outlier_checkins_app_mes,outlier_origem,evadiu,status,dias_vinculo,meses_vinculo,evasao_precoce,receita_acumulada,coorte_mes,faixa_etaria,segmento_engajamento,outlier_receita_acumulada,outlier_dias_vinculo,outlier_derivada,outlier_qualquer
1,2024-05-01,2024-10-17,Trimestral,109.9,Zona Oeste,Musculacao,44,2.51,True,10,False,False,False,False,True,Cancelado,169,5.55,False,609.95,2024-05,35-44,Medio-Digital,False,False,False,False
2,2024-01-03,,Mensal,123.4,Centro,Musculacao,24,6.49,True,17,False,False,False,False,False,Ativo,728,23.92,False,2951.73,2024-01,16-24,Alto,False,False,False,False
3,2024-08-13,2025-03-01,Anual,85.4,Zona Leste,Spinning,36,3.31,False,0,False,False,False,False,True,Cancelado,200,6.57,False,561.08,2024-08,35-44,Medio-Presencial,False,False,False,False
4,2025-07-26,,Trimestral,104.4,Zona Leste,Yoga,53,4.2,False,0,False,False,False,False,False,Ativo,158,5.19,False,541.84,2025-07,45-54,Medio-Presencial,False,False,False,False
5,2025-06-13,,Mensal,123.4,Centro,Yoga,48,4.37,True,14,False,False,False,False,False,Ativo,201,6.6,False,814.44,2025-06,45-54,Alto,False,False,False,False
6,2024-08-02,,Anual,89.9,Zona Oeste,Musculacao,28,4.89,False,0,False,False,False,False,False,Ativo,516,16.95,False,1523.8,2024-08,25-34,Medio-Presencial,False,False,False,False
7,2024-12-29,,Trimestral,109.9,Zona Oeste,Musculacao,24,3.64,True,13,False,False,False,False,False,Ativo,367,12.06,False,1325.39,2024-12,16-24,Alto,False,False,False,False
8,2025-11-02,,Trimestral,109.9,Zona Oeste,Spinning,50,6.58,True,23,False,False,False,False,False,Ativo,59,1.94,False,213.21,2025-11,45-54,Alto,False,False,False,False
9,2025-05-18,2025-10-10,Mensal,129.9,Zona Leste,Musculacao,46,3.8,True,12,False,False,False,False,True,Cancelado,145,4.76,False,618.32,2025-05,45-54,Alto,False,False,False,False
10,2025-06-15,,Mensal,129.9,Zona Oeste,Crossfit,32,2.23,True,8,False,False,False,False,False,Ativo,199,6.54,False,849.55,2025-06,25-34,Medio-Digital,False,False,False,False
11,2024-03-02,,Mensal,129.9,Zona Leste,Musculacao,29,3.26,False,0,False,False,False,False,False,Ativo,669,21.98,False,2855.2,2024-03,25-34,Medio-Presencial,False,False,False,False
12,2024-06-17,2024-11-12,Anual,89.9,Zona Leste,Funcional,31,1.84,False,0,False,False,False,False,True,Cancelado,148,4.86,False,436.91,2024-06,25-34,Baixo,False,False,False,False
13,2024-03-13,,Trimestral,98.91,Zona Oeste,Musculacao,34,3.82,True,13,False,False,False,False,False,Ativo,658,21.62,False,2138.43,2024-03,25-34,Alto,False,False,False,False
14,2025-11-16,,Trimestral,109.9,Zona Oeste,Funcional,50,4.36,True,16,False,False,False,False,False,Ativo,45,1.48,False,162.65,2025-11,45-54,Alto,False,False,False,False
15,2024-08-27,,Mensal,129.9,Centro,Crossfit,37,4.28,True,17,False,False,False,False,False,Ativo,491,16.13,False,2095.29,2024-08,35-44,Alto,False,False,False,False
16,2024-12-15,,Mensal,129.9,Zona Leste,Spinning,40,3.91,True,13,False,False,False,False,False,Ativo,381,12.52,False,1626.35,2024-12,35-44,Alto,False,False,False,False
17,2025-01-21,,Trimestral,109.9,Zona Leste,Musculacao,45,3.06,True,11,False,False,False,False,False,Ativo,344,11.3,False,1241.87,2025-01,45-54,Alto,False,False,False,False
18,2025-01-01,,Mensal,123.4,Centro,Funcional,19,3.08,True,8,False,False,False,False,False,Ativo,364,11.96,False,1475.86,2025-01,16-24,Alto,False,False,False,False
19,2024-02-06,2024-04-13,Trimestral,109.9,Zona Leste,Spinning,40,3.33,True,8,False,False,False,False,True,Cancelado,67,2.2,False,241.78,2024-02,35-44,Alto,False,False,False,False
20,2025-09-28,,Trimestral,109.9,Zona Leste,Yoga,33,5.16,True,14,False,False,False,False,False,Ativo,94,3.09,False,339.59,2025-09,25-34,Alto,False,False,False,False
21,2024-09-23,,Trimestral,109.9,Zona Leste,Musculacao,41,3.26,True,0,False,False,False,False,False,Ativo,464,15.24,False,1674.88,2024-09,35-44,Alto,False,False,False,False
22,2025-10-04,,Mensal,129.9,Zona Oeste,Crossfit,27,2.43,False,0,False,False,False,False,False,Ativo,88,2.89,False,375.41,2025-10,25-34,Baixo,False,False,False,False
23,2025-06-19,,Anual,89.9,Centro,Musculacao,21,2.34,True,10,False,False,False,False,False,Ativo,195,6.41,False,576.26,2025-06,16-24,Medio-Digital,False,False,False,False
24,2025-05-02,,Anual,80.91,Zona Oeste,Musculacao,38,7.0,True,26,False,False,False,False,False,Ativo,243,7.98,False,645.66,2025-05,35-44,Alto,False,False,False,False
25,2025-05-07,,Trimestral,109.9,Zona Oeste,Musculacao,33,5.63,True,22,False,False,False,False,False,Ativo,238,7.82,False,859.42,2025-05,25-34,Alto,False,False,False,False
26,2025-11-15,,Mensal,129.9,Zona Leste,Musculacao,34,2.48,False,0,False,False,False,False,False,Ativo,46,1.51,False,196.15,2025-11,25-34,Baixo,False,False,False,False
27,2024-07-31,,Mensal,129.9,Zona Leste,Musculacao,53,1.44,True,3,False,False,False,False,False,Ativo,518,17.02,False,2210.9,2024-07,45-54,Medio-Digital,False,False,False,False
28,2024-08-18,,Mensal,129.9,Zona Oeste,Funcional,18,1.67,True,5,False,False,False,False,False,Ativo,500,16.43,False,2134.26,2024-08,16-24,Medio-Digital,False,False,False,False
29,2025-04-14,,Mensal,116.91,Zona Leste,Musculacao,32,4.88,True,20,False,False,False,False,False,Ativo,261,8.57,False,1001.92,2025-04,25-34,Alto,False,False,False,False
30,2024-06-11,2024-08-16,Trimestral,109.9,Zona Leste,Musculacao,35,1.52,False,0,False,False,False,False,True,Cancelado,66,2.17,False,238.48,2024-06,35-44,Baixo,False,False,False,False
31,2025-07-16,,Trimestral,109.9,Zona Leste,Musculacao,24,3.36,True,12,False,False,False,False,False,Ativo,168,5.52,False,606.65,2025-07,16-24,Alto,False,False,False,False
32,2024-01-21,,Anual,89.9,Zona Leste,Musculacao,32,5.05,True,0,False,False,False,False,False,Ativo,710,23.32,False,2096.47,2024-01,25-34,Alto,False,False,False,False
33,2025-09-20,,Mensal,129.9,Zona Oeste,Crossfit,41,1.58,False,0,False,False,False,False,False,Ativo,102,3.35,False,435.16,2025-09,35-44,Baixo,False,False,False,False
34,2024-08-30,,Mensal,129.9,Zona Oeste,Crossfit,48,3.09,True,15,False,False,False,False,False,Ativo,488,16.03,False,2082.3,2024-08,45-54,Alto,False,False,False,False
35,2024-01-04,,Mensal,129.9,Zona Leste,Musculacao,25,2.5,True,0,False,False,False,False,False,Ativo,727,23.88,False,3102.01,2024-01,25-34,Medio-Digital,False,False,False,False
36,2025-02-25,2025-04-30,Mensal,123.4,Zona Oeste,Yoga,33,2.34,False,0,False,False,False,False,True,Cancelado,64,2.1,False,259.14,2025-02,25-34,Baixo,False,False,False,False
37,2024-07-11,,Mensal,129.9,Centro,Funcional,32,2.14,True,5,False,False,False,False,False,Ativo,538,17.67,False,2295.33,2024-07,25-34,Medio-Digital,False,False,False,False
38,2024-08-01,,Mensal,129.9,Zona Oeste,Crossfit,43,4.68,True,0,False,False,False,False,False,Ativo,517,16.98,False,2205.7,2024-08,35-44,Alto,False,False,False,False
39,2024-12-03,,Mensal,123.4,Centro,Musculacao,31,5.93,True,34,False,False,False,False,False,Ativo,393,12.91,False,1593.09,2024-12,25-34,Alto,False,False,False,False
40,2025-02-09,,Trimestral,109.9,Zona Leste,Musculacao,32,2.95,True,11,False,False,False,False,False,Ativo,325,10.68,False,1173.73,2025-02,25-34,Medio-Digital,False,False,False,False
41,2024-04-05,,Mensal,129.9,Centro,Spinning,26,3.68,True,9,False,False,False,False,False,Ativo,635,20.86,False,2709.71,2024-04,25-34,Alto,False,False,False,False
42,2024-02-03,,Anual,89.9,Zona Leste,Crossfit,33,3.67,True,18,False,False,False,False,False,Ativo,697,22.9,False,2058.71,2024-02,25-34,Alto,False,False,False,False
43,2024-11-18,2025-02-02,Trimestral,109.9,Zona Leste,Funcional,35,1.35,False,0,False,False,False,False,True,Cancelado,76,2.5,False,274.75,2024-11,35-44,Baixo,False,False,False,False
44,2024-09-04,2025-05-15,Mensal,123.4,Zona Leste,Spinning,23,3.26,True,10,False,False,False,False,True,Cancelado,253,8.31,False,1025.45,2024-09,16-24,Alto,False,False,False,False
45,2025-02-11,,Anual,89.9,Zona Oeste,Musculacao,31,1.53,True,0,False,False,False,False,False,Ativo,323,10.61,False,953.84,2025-02,25-34,Medio-Digital,False,False,False,False
46,2025-06-07,,Trimestral,109.9,Zona Leste,Funcional,25,2.65,True,5,False,False,False,False,False,Ativo,207,6.8,False,747.32,2025-06,25-34,Medio-Digital,False,False,False,False
47,2025-03-06,2025-05-02,Mensal,129.9,Zona Leste,Crossfit,57,3.05,True,13,False,False,False,False,True,Cancelado,57,1.87,True,242.91,2025-03,55+,Alto,False,False,False,False
48,2024-03-14,,Mensal,129.9,Zona Oeste,Musculacao,31,4.32,True,19,False,False,False,False,False,Ativo,657,21.58,False,2803.24,2024-03,25-34,Alto,False,False,False,False
49,2025-11-28,,Trimestral,109.9,Zona Leste,Funcional,49,3.26,True,12,False,False,False,False,False,Ativo,33,1.08,False,118.69,2025-11,45-54,Alto,False,False,False,False
50,2025-05-15,,Mensal,123.4,Zona Leste,Spinning,30,4.74,True,13,False,False,False,False,False,Ativo,230,7.56,False,932.9,2025-05,25-34,Alto,False,False,False,False
51,2024-02-04,,Mensal,129.9,Zona Leste,Spinning,35,1.96,True,6,False,False,False,False,False,Ativo,696,22.86,False,2969.51,2024-02,35-44,Medio-Digital,False,False,False,False
52,2025-06-18,,Mensal,129.9,Zona Leste,Spinning,17,5.57,True,22,False,False,False,False,False,Ativo,196,6.44,False,836.56,2025-06,16-24,Alto,False,False,False,False
53,2025-09-08,,Trimestral,98.91,Zona Leste,Yoga,27,6.18,True,17,False,False,False,False,False,Ativo,114,3.75,False,370.91,2025-09,25-34,Alto,False,False,False,False
54,2025-02-02,2025-08-07,Trimestral,109.9,Zona Leste,Crossfit,34,1.2,False,0,False,False,False,False,True,Cancelado,186,6.11,False,671.49,2025-02,25-34,Baixo,False,False,False,False
55,2025-08-05,2025-10-17,Trimestral,109.9,Zona Leste,Spinning,49,3.26,True,0,False,False,False,False,True,Cancelado,73,2.4,False,263.76,2025-08,45-54,Alto,False,False,False,False
56,2025-09-12,,Trimestral,109.9,Zona Oeste,Musculacao,34,3.26,False,0,False,False,False,False,False,Ativo,110,3.61,False,396.74,2025-09,25-34,Medio-Presencial,False,False,False,False
57,2025-11-05,2025-12-23,Mensal,129.9,Centro,Musculacao,47,2.31,True,9,False,False,False,False,True,Cancelado,48,1.58,True,205.24,2025-11,45-54,Medio-Digital,False,False,False,False
58,2025-10-30,,Trimestral,109.9,Zona Oeste,Musculacao,39,2.74,False,0,False,False,False,False,False,Ativo,62,2.04,False,224.2,2025-10,35-44,Baixo,False,False,False,False
59,2024-05-15,2024-09-14,Mensal,129.9,Zona Oeste,Musculacao,50,3.51,False,0,False,False,False,False,True,Cancelado,122,4.01,False,520.9,2024-05,45-54,Medio-Presencial,False,False,False,False
60,2024-01-25,,Mensal,434.53,Centro,Musculacao,33,4.83,True,19,False,True,False,True,False,Ativo,706,23.19,False,10076.75,2024-01,25-34,Alto,True,False,True,True
61,2025-04-01,2025-07-16,Trimestral,109.9,Centro,Spinning,58,2.15,False,0,False,False,False,False,True,Cancelado,106,3.48,False,382.45,2025-04,55+,Baixo,False,False,False,False
62,2025-04-20,,Mensal,129.9,Zona Oeste,Musculacao,27,5.21,True,20,False,False,False,False,False,Ativo,255,8.38,False,1088.56,2025-04,25-34,Alto,False,False,False,False
63,2025-02-02,,Trimestral,104.4,Centro,Musculacao,24,2.37,True,11,False,False,False,False,False,Ativo,332,10.91,False,1139.0,2025-02,16-24,Medio-Digital,False,False,False,False
64,2024-06-15,,Trimestral,109.9,Centro,Yoga,19,7.0,True,37,False,False,False,False,False,Ativo,564,18.53,False,2036.45,2024-06,16-24,Alto,False,False,False,False
65,2025-10-26,,Trimestral,104.4,Centro,Musculacao,58,5.84,True,23,False,False,False,False,False,Ativo,66,2.17,False,226.55,2025-10,55+,Alto,False,False,False,False
66,2024-10-12,,Trimestral,109.9,Zona Oeste,Funcional,41,2.48,False,0,False,False,False,False,False,Ativo,445,14.62,False,1606.74,2024-10,35-44,Baixo,False,False,False,False
67,2025-06-03,2025-09-03,Trimestral,109.9,Zona Leste,Crossfit,33,1.71,False,0,False,False,False,False,True,Cancelado,92,3.02,False,331.9,2025-06,25-34,Baixo,False,False,False,False
68,2025-03-12,2025-07-26,Mensal,129.9,Zona Leste,Funcional,46,2.2,True,10,False,False,False,False,True,Cancelado,136,4.47,False,580.65,2025-03,45-54,Medio-Digital,False,False,False,False
69,2025-09-18,,Mensal,129.9,Zona Oeste,Musculacao,40,2.05,False,0,False,False,False,False,False,Ativo,104,3.42,False,444.26,2025-09,35-44,Baixo,False,False,False,False
70,2025-05-13,,Mensal,129.9,Zona Oeste,Musculacao,54,4.07,False,0,False,False,False,False,False,Ativo,232,7.62,False,989.84,2025-05,45-54,Medio-Presencial,False,False,False,False
71,2025-03-20,2025-12-03,Mensal,129.9,Zona Leste,Funcional,17,0.96,False,0,False,False,False,False,True,Cancelado,258,8.48,False,1101.55,2025-03,16-24,Baixo,False,False,False,False
72,2025-08-11,,Mensal,129.9,Zona Oeste,Musculacao,29,1.24,False,0,False,False,False,False,False,Ativo,142,4.66,False,605.33,2025-08,25-34,Baixo,False,False,False,False
73,2024-02-07,,Anual,89.9,Zona Oeste,Musculacao,27,4.56,True,20,False,False,False,False,False,Ativo,693,22.77,False,2047.02,2024-02,25-34,Alto,False,False,False,False
74,2025-05-08,2025-08-01,Mensal,129.9,Centro,Spinning,21,2.0,False,0,False,False,False,False,True,Cancelado,85,2.79,False,362.42,2025-05,16-24,Baixo,False,False,False,False
75,2025-02-14,,Mensal,129.9,Zona Leste,Spinning,44,2.41,True,9,False,False,False,False,False,Ativo,320,10.51,False,1365.25,2025-02,35-44,Medio-Digital,False,False,False,False
76,2025-06-28,,Mensal,129.9,Zona Leste,Musculacao,29,4.49,True,17,False,False,False,False,False,Ativo,186,6.11,False,793.69,2025-06,25-34,Alto,False,False,False,False
77,2024-06-05,,Mensal,129.9,Centro,Funcional,40,4.93,True,13,False,False,False,False,False,Ativo,574,18.86,False,2449.91,2024-06,35-44,Alto,False,False,False,False
78,2025-02-23,,Trimestral,109.9,Centro,Musculacao,58,5.71,True,23,False,False,False,False,False,Ativo,311,10.22,False,1123.18,2025-02,55+,Alto,False,False,False,False
79,2024-07-17,,Trimestral,109.9,Centro,Musculacao,28,4.56,True,14,False,False,False,False,False,Ativo,532,17.48,False,1921.05,2024-07,25-34,Alto,False,False,False,False
80,2024-03-22,,Trimestral,109.9,Centro,Yoga,33,3.26,True,7,False,False,False,False,False,Ativo,649,21.32,False,2343.07,2024-03,25-34,Alto,False,False,False,False
81,2025-02-06,2025-12-11,Trimestral,109.9,Centro,Musculacao,33,2.9,False,0,False,False,False,False,True,Cancelado,308,10.12,False,1112.19,2025-02,25-34,Baixo,False,False,False,False
82,2024-01-16,2024-02-04,Mensal,129.9,Zona Leste,Funcional,43,2.5,False,0,False,False,False,False,True,Cancelado,19,0.62,True,80.54,2024-01,35-44,Baixo,False,False,False,False
83,2024-03-06,2024-04-14,Trimestral,109.9,Zona Leste,Spinning,26,1.83,True,8,False,False,False,False,True,Cancelado,39,1.28,True,140.67,2024-03,25-34,Medio-Digital,False,False,False,False
84,2025-01-05,2025-02-17,Mensal,123.4,Zona Leste,Musculacao,25,1.86,True,6,False,False,False,False,True,Cancelado,43,1.41,True,173.99,2025-01,25-34,Medio-Digital,False,False,False,False
85,2025-09-20,,Mensal,129.9,Zona Oeste,Crossfit,33,5.11,False,0,False,False,False,False,False,Ativo,102,3.35,False,435.16,2025-09,25-34,Medio-Presencial,False,False,False,False
86,2025-05-15,,Mensal,123.4,Centro,Musculacao,33,2.11,True,4,False,False,False,False,False,Ativo,230,7.56,False,932.9,2025-05,25-34,Medio-Digital,False,False,False,False
87,2024-01-11,,Trimestral,109.9,Zona Leste,Musculacao,36,1.84,False,0,False,False,False,False,False,Ativo,720,23.65,False,2599.13,2024-01,35-44,Baixo,False,False,False,False
88,2024-03-17,,Mensal,129.9,Zona Oeste,Crossfit,19,5.32,True,16,False,False,False,False,False,Ativo,654,21.48,False,2790.25,2024-03,16-24,Alto,False,False,False,False
89,2024-10-28,2025-04-26,Mensal,129.9,Zona Leste,Funcional,49,1.35,True,8,False,False,False,False,True,Cancelado,180,5.91,False,767.71,2024-10,45-54,Medio-Digital,False,False,False,False
90,2024-10-27,,Mensal,129.9,Zona Leste,Funcional,36,3.4,True,13,False,False,False,False,False,Ativo,430,14.13,False,1835.49,2024-10,35-44,Alto,False,False,False,False
91,2024-01-28,,Mensal,129.9,Zona Leste,Musculacao,24,0.82,True,2,False,False,False,False,False,Ativo,703,23.09,False,2999.39,2024-01,16-24,Medio-Digital,False,False,False,False
92,2024-06-28,,Trimestral,104.4,Zona Leste,Musculacao,30,6.81,True,23,False,False,False,False,False,Ativo,551,18.1,False,1889.64,2024-06,25-34,Alto,False,False,False,False
93,2024-03-29,,Mensal,129.9,Centro,Funcional,32,6.22,True,30,False,False,False,False,False,Ativo,642,21.09,False,2739.59,2024-03,25-34,Alto,False,False,False,False
94,2025-01-31,2025-04-20,Mensal,129.9,Zona Leste,Musculacao,40,1.66,False,0,False,False,False,False,True,Cancelado,79,2.6,False,337.74,2025-01,35-44,Baixo,False,False,False,False
95,2025-04-05,2025-05-20,Mensal,129.9,Centro,Musculacao,17,2.91,True,9,False,False,False,False,True,Cancelado,45,1.48,True,192.25,2025-04,16-24,Medio-Digital,False,False,False,False
96,2024-09-30,,Trimestral,109.9,Zona Oeste,Yoga,23,2.04,False,0,False,False,False,False,False,Ativo,457,15.01,False,1649.6,2024-09,16-24,Baixo,False,False,False,False
97,2025-02-04,,Mensal,123.4,Zona Leste,Musculacao,35,1.78,False,0,False,False,False,False,False,Ativo,330,10.84,False,1337.66,2025-02,35-44,Baixo,False,False,False,False
98,2024-05-21,2024-08-27,Mensal,129.9,Zona Leste,Musculacao,31,2.46,True,3,False,False,False,False,True,Cancelado,98,3.22,False,418.28,2024-05,25-34,Medio-Digital,False,False,False,False
99,2025-08-19,,Mensal,129.9,Centro,Musculacao,38,3.26,True,14,False,False,False,False,False,Ativo,134,4.4,False,571.56,2025-08,35-44,Alto,False,False,False,False
100,2024-01-04,2024-02-11,Anual,80.91,Zona Leste,Spinning,18,4.69,True,0,False,False,False,False,True,Cancelado,38,1.25,True,101.14,2024-01,16-24,Alto,False,False,False,False
101,2024-12-19,,Anual,80.91,Centro,Funcional,36,4.44,True,17,False,False,False,False,False,Ativo,377,12.39,False,1002.47,2024-12,35-44,Alto,False,False,False,False
103,2024-11-11,,Mensal,129.9,Zona Oeste,Musculacao,37,4.24,True,17,False,False,False,False,False,Ativo,415,13.63,False,1770.54,2024-11,35-44,Alto,False,False,False,False
104,2024-12-27,,Anual,85.4,Centro,Musculacao,34,2.12,True,2,False,False,False,False,False,Ativo,369,12.12,False,1035.05,2024-12,25-34,Medio-Digital,False,False,False,False
105,2025-03-28,,Trimestral,109.9,Zona Leste,Spinning,31,3.68,False,0,False,False,False,False,False,Ativo,278,9.13,False,1003.39,2025-03,25-34,Medio-Presencial,False,False,False,False
106,2025-10-12,,Trimestral,109.9,Zona Leste,Musculacao,23,3.35,True,8,False,False,False,False,False,Ativo,80,2.63,False,289.04,2025-10,16-24,Alto,False,False,False,False
107,2025-01-27,2025-07-20,Mensal,129.9,Centro,Spinning,31,2.68,False,0,False,False,False,False,True,Cancelado,174,5.72,False,743.03,2025-01,25-34,Baixo,False,False,False,False
108,2024-06-08,2024-08-28,Mensal,123.4,Zona Leste,Crossfit,46,3.5,False,0,False,False,False,False,True,Cancelado,81,2.66,False,328.24,2024-06,45-54,Medio-Presencial,False,False,False,False
109,2025-01-01,2025-02-23,Mensal,123.4,Zona Leste,Spinning,31,0.91,True,2,False,False,False,False,True,Cancelado,53,1.74,True,214.72,2025-01,25-34,Medio-Digital,False,False,False,False
110,2024-12-24,,Anual,89.9,Zona Leste,Spinning,22,2.36,False,0,False,False,False,False,False,Ativo,372,12.22,False,1098.58,2024-12,16-24,Baixo,False,False,False,False
111,2025-08-28,,Mensal,129.9,Zona Leste,Crossfit,27,3.96,True,14,False,False,False,False,False,Ativo,125,4.11,False,533.89,2025-08,25-34,Alto,False,False,False,False
112,2025-01-31,,Mensal,129.9,Zona Oeste,Musculacao,34,3.06,True,7,False,False,False,False,False,Ativo,334,10.97,False,1425.0,2025-01,25-34,Alto,False,False,False,False
113,2025-08-30,2025-11-22,Mensal,129.9,Zona Oeste,Crossfit,28,1.31,True,6,False,False,False,False,True,Cancelado,84,2.76,False,358.52,2025-08,25-34,Medio-Digital,False,False,False,False
114,2025-03-30,2025-06-21,Trimestral,104.4,Zona Leste,Spinning,37,3.27,True,18,False,False,False,False,True,Cancelado,83,2.73,False,285.01,2025-03,35-44,Alto,False,False,False,False
115,2025-02-04,2025-07-13,Mensal,129.9,Centro,Spinning,38,2.32,True,8,False,False,False,False,True,Cancelado,159,5.22,False,678.08,2025-02,35-44,Medio-Digital,False,False,False,False
116,2024-08-17,,Anual,89.9,Zona Leste,Crossfit,42,5.73,True,22,False,False,False,False,False,Ativo,501,16.46,False,1479.75,2024-08,35-44,Alto,False,False,False,False
117,2024-06-28,2024-07-25,Trimestral,109.9,Zona Leste,Spinning,33,1.89,True,6,False,False,False,False,True,Cancelado,27,0.89,True,97.81,2024-06,25-34,Medio-Digital,False,False,False,False
118,2024-03-10,2024-06-06,Trimestral,109.9,Zona Oeste,Spinning,43,1.92,True,7,False,False,False,False,True,Cancelado,88,2.89,False,317.61,2024-03,35-44,Medio-Digital,False,False,False,False
119,2025-01-18,2025-08-11,Mensal,123.4,Centro,Musculacao,22,3.72,True,12,False,False,False,False,True,Cancelado,205,6.73,False,830.48,2025-01,16-24,Alto,False,False,False,False
120,2025-10-06,,Trimestral,109.9,Zona Leste,Funcional,33,3.07,True,14,False,False,False,False,False,Ativo,86,2.83,False,311.02,2025-10,25-34,Alto,False,False,False,False
121,2024-01-09,2024-05-16,Trimestral,104.4,Zona Leste,Funcional,31,3.0,False,0,False,False,False,False,True,Cancelado,128,4.2,False,438.48,2024-01,25-34,Medio-Presencial,False,False,False,False
122,2025-10-28,,Trimestral,109.9,Zona Oeste,Musculacao,27,7.0,True,18,False,False,False,False,False,Ativo,64,2.1,False,230.79,2025-10,25-34,Alto,False,False,False,False
123,2025-08-24,2025-09-29,Mensal,129.9,Centro,Funcional,19,4.19,True,13,False,False,False,False,True,Cancelado,36,1.18,True,153.28,2025-08,16-24,Alto,False,False,False,False
124,2024-11-02,2025-04-12,Mensal,129.9,Zona Leste,Funcional,27,2.57,True,0,False,False,False,False,True,Cancelado,161,5.29,False,687.17,2024-11,25-34,Medio-Digital,False,False,False,False
125,2024-08-07,2025-01-23,Mensal,129.9,Zona Leste,Musculacao,27,1.21,False,0,False,False,False,False,True,Cancelado,169,5.55,False,720.94,2024-08,25-34,Baixo,False,False,False,False
126,2025-02-10,,Mensal,129.9,Zona Oeste,Musculacao,25,2.5,True,9,False,False,False,False,False,Ativo,324,10.64,False,1382.14,2025-02,25-34,Medio-Digital,False,False,False,False
127,2025-08-21,2025-12-24,Mensal,129.9,Zona Leste,Spinning,29,1.55,False,0,False,False,False,False,True,Cancelado,125,4.11,False,533.89,2025-08,25-34,Baixo,False,False,False,False
128,2024-01-21,2024-02-08,Mensal,129.9,Zona Leste,Musculacao,45,1.87,False,0,False,False,False,False,True,Cancelado,18,0.59,True,76.64,2024-01,45-54,Baixo,False,False,False,False
129,2024-11-10,,Mensal,123.4,Zona Leste,Musculacao,34,1.9,True,10,False,False,False,False,False,Ativo,416,13.67,False,1686.88,2024-11,25-34,Medio-Digital,False,False,False,False
130,2024-02-03,,Trimestral,109.9,Zona Leste,Spinning,59,5.23,True,0,False,False,False,False,False,Ativo,697,22.9,False,2516.71,2024-02,55+,Alto,False,False,False,False
131,2025-03-26,,Mensal,129.9,Zona Oeste,Musculacao,34,1.37,False,0,False,False,False,False,False,Ativo,280,9.2,False,1195.08,2025-03,25-34,Baixo,False,False,False,False
132,2024-02-23,,Anual,85.4,Centro,Musculacao,29,5.29,True,24,False,False,False,False,False,Ativo,677,22.24,False,1899.3,2024-02,25-34,Alto,False,False,False,False
133,2024-08-09,,Trimestral,109.9,Zona Oeste,Funcional,32,4.05,True,9,False,False,False,False,False,Ativo,509,16.72,False,1837.53,2024-08,25-34,Alto,False,False,False,False
134,2025-06-01,,Mensal,123.4,Zona Oeste,Musculacao,33,3.77,True,11,False,False,False,False,False,Ativo,213,7.0,False,863.8,2025-06,25-34,Alto,False,False,False,False
135,2025-06-10,,Trimestral,109.9,Centro,Crossfit,37,2.08,False,0,False,False,False,False,False,Ativo,204,6.7,False,736.33,2025-06,35-44,Baixo,False,False,False,False
136,2024-06-08,,Mensal,129.9,Zona Leste,Crossfit,55,4.43,True,14,False,False,False,False,False,Ativo,571,18.76,False,2436.92,2024-06,55+,Alto,False,False,False,False
137,2024-12-25,,Anual,89.9,Zona Leste,Funcional,23,2.27,True,0,False,False,False,False,False,Ativo,371,12.19,False,1095.88,2024-12,16-24,Medio-Digital,False,False,False,False
138,2024-05-09,2024-07-10,Mensal,123.4,Centro,Crossfit,41,5.98,True,16,False,False,False,False,True,Cancelado,62,2.04,False,251.74,2024-05,35-44,Alto,False,False,False,False
139,2025-02-18,,Trimestral,109.9,Zona Leste,Crossfit,34,3.26,True,15,False,False,False,False,False,Ativo,316,10.38,False,1140.76,2025-02,25-34,Alto,False,False,False,False
140,2024-01-06,2024-03-22,Mensal,129.9,Zona Oeste,Musculacao,36,6.48,True,27,False,False,False,False,True,Cancelado,76,2.5,False,324.75,2024-01,35-44,Alto,False,False,False,False
141,2025-07-23,,Mensal,116.91,Zona Oeste,Funcional,40,3.26,False,0,False,False,False,False,False,Ativo,161,5.29,False,618.45,2025-07,35-44,Medio-Presencial,False,False,False,False
142,2024-01-17,2024-06-18,Mensal,129.9,Zona Leste,Musculacao,46,2.82,True,15,False,False,False,False,True,Cancelado,153,5.03,False,653.4,2024-01,45-54,Medio-Digital,False,False,False,False
143,2025-03-01,2025-09-12,Anual,85.4,Zona Oeste,Funcional,23,3.02,True,12,False,False,False,False,True,Cancelado,195,6.41,False,547.41,2025-03,16-24,Alto,False,False,False,False
144,2024-10-10,,Trimestral,109.9,Zona Leste,Spinning,32,7.0,True,25,False,False,False,False,False,Ativo,447,14.68,False,1613.33,2024-10,25-34,Alto,False,False,False,False
145,2024-06-05,2024-09-21,Mensal,116.91,Zona Leste,Musculacao,32,4.11,True,13,False,False,False,False,True,Cancelado,108,3.55,False,415.03,2024-06,25-34,Alto,False,False,False,False
146,2025-01-14,,Mensal,123.4,Zona Oeste,Musculacao,18,1.56,True,10,False,False,False,False,False,Ativo,351,11.53,False,1422.8,2025-01,16-24,Medio-Digital,False,False,False,False
147,2024-04-09,,Mensal,116.91,Zona Leste,Crossfit,44,5.64,True,21,False,False,False,False,False,Ativo,631,20.73,False,2423.54,2024-04,35-44,Alto,False,False,False,False
148,2025-02-09,,Mensal,129.9,Centro,Musculacao,27,2.76,True,11,False,False,False,False,False,Ativo,325,10.68,False,1387.33,2025-02,25-34,Medio-Digital,False,False,False,False
149,2025-03-27,2025-06-12,Mensal,123.4,Centro,Musculacao,20,0.62,False,0,False,False,False,False,True,Cancelado,77,2.53,False,312.2,2025-03,16-24,Baixo,False,False,False,False
150,2024-11-16,2025-03-01,Mensal,123.4,Centro,Musculacao,35,2.04,False,0,False,False,False,False,True,Cancelado,105,3.45,False,425.73,2024-11,35-44,Baixo,False,False,False,False
151,2024-09-10,,Trimestral,109.9,Zona Leste,Spinning,26,5.28,True,17,False,False,False,False,False,Ativo,477,15.67,False,1722.13,2024-09,25-34,Alto,False,False,False,False
152,2024-11-17,,Anual,89.9,Zona Leste,Yoga,27,3.26,False,0,False,False,False,False,False,Ativo,409,13.44,False,1208.26,2024-11,25-34,Medio-Presencial,False,False,False,False
153,2025-10-31,,Mensal,116.91,Zona Leste,Yoga,40,3.26,True,10,False,False,False,False,False,Ativo,61,2.0,False,233.82,2025-10,35-44,Alto,False,False,False,False
154,2025-06-11,2025-08-05,Trimestral,109.9,Zona Leste,Spinning,19,5.86,True,30,False,False,False,False,True,Cancelado,55,1.81,True,198.92,2025-06,16-24,Alto,False,False,False,False
155,2024-01-05,,Mensal,129.9,Centro,Musculacao,22,1.09,True,61,False,False,True,True,False,Ativo,726,23.85,False,3098.12,2024-01,16-24,Medio-Digital,False,False,False,True
156,2024-07-21,,Trimestral,109.9,Zona Leste,Musculacao,34,2.31,True,38,False,False,False,False,False,Ativo,528,17.35,False,1906.77,2024-07,25-34,Medio-Digital,False,False,False,False
157,2024-01-18,2024-02-23,Mensal,129.9,Zona Leste,Spinning,43,3.26,False,0,False,False,False,False,True,Cancelado,36,1.18,True,153.28,2024-01,35-44,Medio-Presencial,False,False,False,False
158,2024-06-15,,Trimestral,104.4,Centro,Yoga,46,5.36,False,0,False,False,False,False,False,Ativo,564,18.53,False,1934.53,2024-06,45-54,Medio-Presencial,False,False,False,False
159,2025-06-28,,Trimestral,109.9,Zona Leste,Funcional,25,1.96,False,0,False,False,False,False,False,Ativo,186,6.11,False,671.49,2025-06,25-34,Baixo,False,False,False,False
160,2025-08-21,2025-12-30,Trimestral,109.9,Zona Leste,Spinning,42,2.82,False,0,False,False,False,False,True,Cancelado,131,4.3,False,472.57,2025-08,35-44,Baixo,False,False,False,False
161,2024-11-15,,Mensal,123.4,Zona Leste,Funcional,23,3.04,True,13,False,False,False,False,False,Ativo,411,13.5,False,1665.9,2024-11,16-24,Alto,False,False,False,False
162,2025-04-27,2025-07-15,Anual,89.9,Zona Oeste,Spinning,52,2.55,True,9,False,False,False,False,True,Cancelado,79,2.6,False,233.74,2025-04,45-54,Medio-Digital,False,False,False,False
163,2024-09-16,,Mensal,129.9,Centro,Funcional,20,3.02,True,53,False,False,True,True,False,Ativo,471,15.47,False,2009.55,2024-09,16-24,Alto,False,False,False,True
164,2024-11-29,2024-12-26,Mensal,129.9,Zona Leste,Spinning,47,2.81,False,0,False,False,False,False,True,Cancelado,27,0.89,True,115.61,2024-11,45-54,Baixo,False,False,False,False
165,2025-08-03,,Trimestral,104.4,Centro,Funcional,33,2.54,True,10,False,False,False,False,False,Ativo,150,4.93,False,514.69,2025-08,25-34,Medio-Digital,False,False,False,False
166,2024-07-11,2024-09-26,Mensal,116.91,Centro,Spinning,54,4.43,False,0,False,False,False,False,True,Cancelado,77,2.53,False,295.78,2024-07,45-54,Medio-Presencial,False,False,False,False
167,2024-08-10,,Trimestral,109.9,Centro,Crossfit,33,4.29,False,0,False,False,False,False,False,Ativo,508,16.69,False,1834.23,2024-08,25-34,Medio-Presencial,False,False,False,False
168,2024-04-05,,Trimestral,109.9,Zona Leste,Spinning,21,4.77,False,0,False,False,False,False,False,Ativo,635,20.86,False,2292.51,2024-04,16-24,Medio-Presencial,False,False,False,False
169,2024-06-01,,Mensal,129.9,Zona Leste,Musculacao,26,3.26,False,0,False,False,False,False,False,Ativo,578,18.99,False,2466.8,2024-06,25-34,Medio-Presencial,False,False,False,False
170,2024-01-27,,Anual,89.9,Centro,Musculacao,41,6.86,True,18,False,False,False,False,False,Ativo,704,23.13,False,2079.39,2024-01,35-44,Alto,False,False,False,False
171,2025-07-25,2025-10-31,Mensal,129.9,Zona Leste,Spinning,44,1.28,False,0,False,False,False,False,True,Cancelado,98,3.22,False,418.28,2025-07,35-44,Baixo,False,False,False,False
172,2025-08-19,2025-09-26,Mensal,129.9,Zona Oeste,Spinning,31,1.36,False,0,False,False,False,False,True,Cancelado,38,1.25,True,162.38,2025-08,25-34,Baixo,False,False,False,False
173,2024-10-22,2025-07-01,Mensal,129.9,Zona Oeste,Funcional,32,4.24,True,20,False,False,False,False,True,Cancelado,252,8.28,False,1075.57,2024-10,25-34,Alto,False,False,False,False
174,2025-02-19,2025-06-26,Anual,89.9,Zona Leste,Funcional,40,2.95,True,18,False,False,False,False,True,Cancelado,127,4.17,False,374.88,2025-02,35-44,Medio-Digital,False,False,False,False
175,2024-06-23,2024-09-17,Mensal,129.9,Centro,Musculacao,33,2.24,False,0,False,False,False,False,True,Cancelado,86,2.83,False,367.62,2024-06,25-34,Baixo,False,False,False,False
176,2024-02-02,,Mensal,123.4,Centro,Funcional,18,2.07,False,0,False,False,False,False,False,Ativo,698,22.93,False,2829.56,2024-02,16-24,Baixo,False,False,False,False
177,2024-12-26,,Mensal,129.9,Zona Oeste,Funcional,23,4.6,True,49,False,False,True,True,False,Ativo,370,12.16,False,1579.58,2024-12,16-24,Alto,False,False,False,True
178,2024-04-21,,Anual,89.9,Zona Leste,Spinning,35,7.0,True,28,False,False,False,False,False,Ativo,619,20.34,False,1828.57,2024-04,35-44,Alto,False,False,False,False
179,2025-08-16,,Anual,89.9,Centro,Spinning,45,5.26,True,14,False,False,False,False,False,Ativo,137,4.5,False,404.55,2025-08,45-54,Alto,False,False,False,False
180,2024-07-14,2024-08-28,Trimestral,104.4,Zona Oeste,Musculacao,50,2.59,False,0,False,False,False,False,True,Cancelado,45,1.48,True,154.51,2024-07,45-54,Baixo,False,False,False,False
181,2025-05-31,2025-11-15,Anual,89.9,Zona Oeste,Spinning,41,5.04,True,0,False,False,False,False,True,Cancelado,168,5.52,False,496.25,2025-05,35-44,Alto,False,False,False,False
182,2024-07-03,2025-02-16,Anual,89.9,Centro,Yoga,35,1.89,True,3,False,False,False,False,True,Cancelado,228,7.49,False,673.35,2024-07,35-44,Medio-Digital,False,False,False,False
183,2024-03-29,2024-05-14,Mensal,129.9,Zona Oeste,Crossfit,40,0.54,False,0,False,False,False,False,True,Cancelado,46,1.51,True,196.15,2024-03,35-44,Baixo,False,False,False,False
184,2025-01-18,2025-06-12,Mensal,129.9,Zona Leste,Funcional,25,2.71,False,0,False,False,False,False,True,Cancelado,145,4.76,False,618.32,2025-01,25-34,Baixo,False,False,False,False
185,2024-05-08,2025-02-16,Trimestral,98.91,Zona Leste,Musculacao,30,1.34,False,0,False,False,False,False,True,Cancelado,284,9.33,False,922.83,2024-05,25-34,Baixo,False,False,False,False
186,2024-10-06,2025-07-01,Trimestral,109.9,Zona Leste,Funcional,33,2.65,True,8,False,False,False,False,True,Cancelado,268,8.8,False,967.12,2024-10,25-34,Medio-Digital,False,False,False,False
187,2024-07-24,,Mensal,129.9,Zona Oeste,Funcional,18,3.26,True,6,False,False,False,False,False,Ativo,525,17.25,False,2240.78,2024-07,16-24,Alto,False,False,False,False
188,2025-09-09,,Mensal,123.4,Zona Oeste,Musculacao,36,7.0,True,20,False,False,False,False,False,Ativo,113,3.71,False,457.81,2025-09,35-44,Alto,False,False,False,False
189,2024-12-18,,Trimestral,109.9,Zona Oeste,Yoga,34,5.56,True,18,False,False,False,False,False,Ativo,378,12.42,False,1364.96,2024-12,25-34,Alto,False,False,False,False
190,2025-05-18,,Mensal,129.9,Zona Leste,Musculacao,40,1.11,True,2,False,False,False,False,False,Ativo,227,7.46,False,969.05,2025-05,35-44,Medio-Digital,False,False,False,False
191,2025-02-16,,Anual,89.9,Centro,Musculacao,33,1.72,False,0,False,False,False,False,False,Ativo,318,10.45,False,939.46,2025-02,25-34,Baixo,False,False,False,False
192,2025-09-29,2025-11-12,Mensal,129.9,Centro,Musculacao,35,2.01,False,0,False,False,False,False,True,Cancelado,44,1.45,True,188.36,2025-09,35-44,Baixo,False,False,False,False
193,2024-11-03,,Mensal,129.9,Zona Leste,Musculacao,38,6.88,True,23,False,False,False,False,False,Ativo,423,13.9,False,1805.61,2024-11,35-44,Alto,False,False,False,False
194,2025-08-26,,Anual,85.4,Zona Oeste,Crossfit,32,1.69,True,8,False,False,False,False,False,Ativo,127,4.17,False,356.12,2025-08,25-34,Medio-Digital,False,False,False,False
195,2025-09-20,,Mensal,123.4,Zona Oeste,Musculacao,37,3.26,True,11,False,False,False,False,False,Ativo,102,3.35,False,413.39,2025-09,35-44,Alto,False,False,False,False
197,2025-05-02,,Trimestral,109.9,Zona Leste,Spinning,36,3.96,True,10,False,False,False,False,False,Ativo,243,7.98,False,877.0,2025-05,35-44,Alto,False,False,False,False
198,2025-11-17,,Anual,89.9,Centro,Musculacao,39,5.09,True,15,False,False,False,False,False,Ativo,44,1.45,False,130.36,2025-11,35-44,Alto,False,False,False,False
199,2025-06-05,,Mensal,129.9,Centro,Musculacao,25,4.06,True,10,False,False,False,False,False,Ativo,209,6.87,False,892.41,2025-06,25-34,Alto,False,False,False,False
200,2024-08-06,,Mensal,116.91,Zona Oeste,Musculacao,33,3.45,False,0,False,False,False,False,False,Ativo,512,16.82,False,1966.43,2024-08,25-34,Medio-Presencial,False,False,False,False
201,2024-04-19,2024-05-10,Trimestral,104.4,Centro,Funcional,25,1.56,True,3,False,False,False,False,True,Cancelado,21,0.69,True,72.04,2024-04,25-34,Medio-Digital,False,False,False,False
202,2024-05-26,,Anual,89.9,Centro,Musculacao,26,3.74,False,0,False,False,False,False,False,Ativo,584,19.19,False,1725.18,2024-05,25-34,Medio-Presencial,False,False,False,False
203,2025-02-05,,Mensal,129.9,Zona Leste,Yoga,20,5.69,True,15,False,False,False,False,False,Ativo,329,10.81,False,1404.22,2025-02,16-24,Alto,False,False,False,False
204,2024-04-25,,Mensal,123.4,Zona Oeste,Musculacao,46,6.63,True,21,False,False,False,False,False,Ativo,615,20.2,False,2492.68,2024-04,45-54,Alto,False,False,False,False
205,2024-06-15,,Mensal,123.4,Zona Oeste,Funcional,44,3.26,True,13,False,False,False,False,False,Ativo,564,18.53,False,2286.6,2024-06,35-44,Alto,False,False,False,False
206,2025-03-15,2025-05-04,Mensal,123.4,Centro,Yoga,38,1.11,True,51,False,False,True,True,True,Cancelado,50,1.64,True,202.38,2025-03,35-44,Medio-Digital,False,False,False,True
207,2024-08-20,2024-10-04,Mensal,129.9,Zona Leste,Musculacao,54,3.69,False,0,False,False,False,False,True,Cancelado,45,1.48,True,192.25,2024-08,45-54,Medio-Presencial,False,False,False,False
208,2025-04-21,,Trimestral,109.9,Zona Leste,Musculacao,30,3.06,False,0,False,False,False,False,False,Ativo,254,8.34,False,916.57,2025-04,25-34,Medio-Presencial,False,False,False,False
209,2025-11-29,,Mensal,129.9,Centro,Crossfit,65,1.22,False,0,False,False,False,False,False,Ativo,32,1.05,False,136.4,2025-11,55+,Baixo,False,False,False,False
210,2024-03-02,,Mensal,129.9,Zona Leste,Musculacao,33,1.66,False,0,False,False,False,False,False,Ativo,669,21.98,False,2855.2,2024-03,25-34,Baixo,False,False,False,False
211,2025-03-24,2025-07-18,Trimestral,98.91,Centro,Funcional,35,2.08,False,0,False,False,False,False,True,Cancelado,116,3.81,False,376.85,2025-03,35-44,Baixo,False,False,False,False
212,2025-07-28,2025-11-25,Trimestral,306.61,Zona Leste,Musculacao,28,4.5,False,0,False,True,False,True,True,Cancelado,120,3.94,False,1208.04,2025-07,25-34,Medio-Presencial,False,False,False,True
213,2024-04-08,,Mensal,129.9,Centro,Musculacao,36,6.49,True,26,False,False,False,False,False,Ativo,632,20.76,False,2696.72,2024-04,35-44,Alto,False,False,False,False
214,2025-07-02,,Trimestral,109.9,Centro,Spinning,41,4.18,True,18,False,False,False,False,False,Ativo,182,5.98,False,657.2,2025-07,35-44,Alto,False,False,False,False
215,2024-12-21,,Trimestral,109.9,Zona Leste,Crossfit,31,4.57,False,0,False,False,False,False,False,Ativo,375,12.32,False,1353.97,2024-12,25-34,Medio-Presencial,False,False,False,False
216,2025-03-15,,Trimestral,109.9,Zona Oeste,Musculacao,52,3.16,False,0,False,False,False,False,False,Ativo,291,9.56,False,1050.64,2025-03,45-54,Medio-Presencial,False,False,False,False
217,2024-02-06,2024-10-14,Mensal,129.9,Zona Leste,Yoga,35,2.22,False,0,False,False,False,False,True,Cancelado,251,8.25,False,1071.68,2024-02,35-44,Baixo,False,False,False,False
218,2024-10-31,,Mensal,390.05,Zona Oeste,Funcional,35,3.98,True,16,False,True,False,True,False,Ativo,426,13.99,False,5456.8,2024-10,35-44,Alto,True,False,True,True
219,2024-09-13,,Anual,89.9,Zona Oeste,Musculacao,22,4.03,True,21,False,False,False,False,False,Ativo,474,15.57,False,1399.74,2024-09,16-24,Alto,False,False,False,False
220,2024-04-17,,Mensal,129.9,Centro,Musculacao,33,1.92,False,0,False,False,False,False,False,Ativo,623,20.47,False,2659.05,2024-04,25-34,Baixo,False,False,False,False
221,2025-06-17,,Mensal,129.9,Zona Leste,Musculacao,31,3.36,True,12,False,False,False,False,False,Ativo,197,6.47,False,840.45,2025-06,25-34,Alto,False,False,False,False
222,2024-12-19,,Mensal,129.9,Zona Leste,Spinning,25,3.01,False,0,False,False,False,False,False,Ativo,377,12.39,False,1609.46,2024-12,25-34,Medio-Presencial,False,False,False,False
223,2025-09-06,,Trimestral,109.9,Zona Oeste,Funcional,23,3.26,True,5,False,False,False,False,False,Ativo,116,3.81,False,418.72,2025-09,16-24,Alto,False,False,False,False
224,2024-04-21,,Anual,85.4,Zona Oeste,Spinning,61,2.73,False,0,False,False,False,False,False,Ativo,619,20.34,False,1737.04,2024-04,55+,Baixo,False,False,False,False
225,2025-05-26,2025-12-09,Mensal,129.9,Zona Oeste,Musculacao,29,3.66,True,17,False,False,False,False,True,Cancelado,197,6.47,False,840.45,2025-05,25-34,Alto,False,False,False,False
226,2025-02-27,,Anual,80.91,Zona Leste,Funcional,33,2.81,True,7,False,False,False,False,False,Ativo,307,10.09,False,816.38,2025-02,25-34,Medio-Digital,False,False,False,False
227,2025-03-31,,Mensal,129.9,Zona Leste,Funcional,24,7.0,False,0,False,False,False,False,False,Ativo,275,9.03,False,1173.0,2025-03,16-24,Medio-Presencial,False,False,False,False
228,2024-08-04,,Trimestral,109.9,Centro,Spinning,31,4.11,True,10,False,False,False,False,False,Ativo,514,16.89,False,1856.21,2024-08,25-34,Alto,False,False,False,False
229,2025-04-28,2025-06-28,Trimestral,109.9,Zona Leste,Funcional,38,3.94,True,13,False,False,False,False,True,Cancelado,61,2.0,False,219.8,2025-04,35-44,Alto,False,False,False,False
230,2024-06-22,,Mensal,129.9,Zona Leste,Musculacao,38,2.75,True,6,False,False,False,False,False,Ativo,557,18.3,False,2377.17,2024-06,35-44,Medio-Digital,False,False,False,False
231,2025-06-17,2025-08-10,Mensal,123.4,Centro,Funcional,39,3.26,True,10,False,False,False,False,True,Cancelado,54,1.77,True,218.42,2025-06,35-44,Alto,False,False,False,False
232,2024-11-04,2025-02-21,Mensal,129.9,Zona Leste,Musculacao,25,3.26,False,0,False,False,False,False,True,Cancelado,109,3.58,False,465.04,2024-11,25-34,Medio-Presencial,False,False,False,False
233,2024-12-01,,Anual,89.9,Zona Oeste,Musculacao,36,2.54,True,10,False,False,False,False,False,Ativo,395,12.98,False,1166.9,2024-12,35-44,Medio-Digital,False,False,False,False
234,2025-02-10,2025-05-05,Trimestral,109.9,Zona Leste,Musculacao,22,1.35,False,0,False,False,False,False,True,Cancelado,84,2.76,False,303.32,2025-02,16-24,Baixo,False,False,False,False
235,2024-02-28,2024-11-03,Anual,85.4,Centro,Funcional,33,1.64,False,0,False,False,False,False,True,Cancelado,249,8.18,False,698.57,2024-02,25-34,Baixo,False,False,False,False
236,2024-09-14,,Trimestral,109.9,Zona Oeste,Funcional,22,1.77,False,0,False,False,False,False,False,Ativo,473,15.54,False,1707.85,2024-09,16-24,Baixo,False,False,False,False
237,2024-05-22,,Mensal,123.4,Centro,Musculacao,19,5.4,True,16,False,False,False,False,False,Ativo,588,19.32,False,2384.09,2024-05,16-24,Alto,False,False,False,False
238,2025-11-05,,Trimestral,109.9,Zona Leste,Crossfit,44,3.26,True,19,False,False,False,False,False,Ativo,56,1.84,False,202.22,2025-11,35-44,Alto,False,False,False,False
239,2024-10-22,,Mensal,123.4,Zona Oeste,Yoga,40,2.02,True,11,False,False,False,False,False,Ativo,435,14.29,False,1763.39,2024-10,35-44,Medio-Digital,False,False,False,False
240,2024-01-05,2024-07-10,Mensal,129.9,Zona Oeste,Musculacao,43,3.26,False,0,False,False,False,False,True,Cancelado,187,6.14,False,797.59,2024-01,35-44,Medio-Presencial,False,False,False,False
241,2024-01-19,,Trimestral,109.9,Zona Leste,Funcional,32,2.63,True,9,False,False,False,False,False,Ativo,712,23.39,False,2570.56,2024-01,25-34,Medio-Digital,False,False,False,False
242,2025-10-01,2025-11-07,Trimestral,98.91,Zona Leste,Musculacao,41,4.48,False,0,False,False,False,False,True,Cancelado,37,1.22,True,120.67,2025-10,35-44,Medio-Presencial,False,False,False,False
243,2024-04-19,,Mensal,129.9,Zona Leste,Crossfit,33,4.86,True,16,False,False,False,False,False,Ativo,621,20.4,False,2649.96,2024-04,25-34,Alto,False,False,False,False
244,2024-01-01,,Mensal,129.9,Centro,Musculacao,41,3.34,True,9,False,False,False,False,False,Ativo,730,23.98,False,3115.0,2024-01,35-44,Alto,False,False,False,False
245,2024-05-28,2024-10-21,Trimestral,109.9,Zona Oeste,Musculacao,34,3.89,False,0,False,False,False,False,True,Cancelado,146,4.8,False,527.52,2024-05,25-34,Medio-Presencial,False,False,False,False
246,2024-05-31,,Anual,89.9,Zona Oeste,Spinning,39,4.01,True,15,False,False,False,False,False,Ativo,579,19.02,False,1709.9,2024-05,35-44,Alto,False,False,False,False
247,2024-02-25,,Trimestral,109.9,Zona Oeste,Musculacao,36,1.4,False,0,False,False,False,False,False,Ativo,675,22.17,False,2436.48,2024-02,35-44,Baixo,False,False,False,False
248,2025-11-28,,Mensal,129.9,Zona Oeste,Funcional,21,1.36,False,0,False,False,False,False,False,Ativo,33,1.08,False,140.29,2025-11,16-24,Baixo,False,False,False,False
249,2024-02-11,,Mensal,367.3,Zona Oeste,Spinning,20,6.63,True,17,False,True,False,True,False,Ativo,689,22.63,False,8312.0,2024-02,16-24,Alto,True,False,True,True
250,2025-05-24,,Mensal,123.4,Zona Leste,Musculacao,24,3.33,True,13,False,False,False,False,False,Ativo,221,7.26,False,895.88,2025-05,16-24,Alto,False,False,False,False
251,2025-08-08,,Trimestral,109.9,Zona Oeste,Spinning,38,1.07,False,0,False,False,False,False,False,Ativo,145,4.76,False,523.12,2025-08,35-44,Baixo,False,False,False,False
252,2025-03-27,,Anual,386.8,Zona Leste,Crossfit,33,3.26,False,0,False,True,False,True,False,Ativo,279,9.17,False,3546.96,2025-03,25-34,Medio-Presencial,False,False,False,True
253,2024-04-02,2024-07-30,Mensal,123.4,Centro,Yoga,17,1.78,False,0,False,False,False,False,True,Cancelado,119,3.91,False,482.49,2024-04,16-24,Baixo,False,False,False,False
254,2025-05-23,,Mensal,129.9,Centro,Spinning,21,5.05,True,20,False,False,False,False,False,Ativo,222,7.29,False,946.97,2025-05,16-24,Alto,False,False,False,False
255,2024-08-18,,Mensal,129.9,Zona Leste,Musculacao,24,4.78,True,14,False,False,False,False,False,Ativo,500,16.43,False,2134.26,2024-08,16-24,Alto,False,False,False,False
256,2024-10-12,,Trimestral,109.9,Zona Oeste,Musculacao,28,4.36,True,20,False,False,False,False,False,Ativo,445,14.62,False,1606.74,2024-10,25-34,Alto,False,False,False,False
257,2024-06-24,2024-10-31,Trimestral,109.9,Zona Leste,Crossfit,17,3.56,True,13,False,False,False,False,True,Cancelado,129,4.24,False,465.98,2024-06,16-24,Alto,False,False,False,False
258,2025-07-02,,Mensal,129.9,Centro,Funcional,16,5.66,True,14,False,False,False,False,False,Ativo,182,5.98,False,776.8,2025-07,16-24,Alto,False,False,False,False
259,2025-02-09,,Mensal,123.4,Centro,Funcional,23,5.95,True,18,False,False,False,False,False,Ativo,325,10.68,False,1317.91,2025-02,16-24,Alto,False,False,False,False
260,2024-04-18,,Trimestral,98.91,Centro,Crossfit,33,2.06,True,7,False,False,False,False,False,Ativo,622,20.43,False,2020.73,2024-04,25-34,Medio-Digital,False,False,False,False
261,2024-10-12,,Mensal,129.9,Zona Leste,Musculacao,19,4.09,True,14,False,False,False,False,False,Ativo,445,14.62,False,1899.14,2024-10,16-24,Alto,False,False,False,False
262,2025-07-09,,Trimestral,109.9,Zona Leste,Funcional,31,2.44,True,7,False,False,False,False,False,Ativo,175,5.75,False,631.93,2025-07,25-34,Medio-Digital,False,False,False,False
263,2025-10-18,,Mensal,129.9,Zona Leste,Musculacao,44,1.66,True,6,False,False,False,False,False,Ativo,74,2.43,False,315.66,2025-10,35-44,Medio-Digital,False,False,False,False
264,2025-10-19,,Mensal,129.9,Zona Leste,Musculacao,18,3.26,True,21,False,False,False,False,False,Ativo,73,2.4,False,311.76,2025-10,16-24,Alto,False,False,False,False
265,2024-04-04,2024-06-06,Anual,85.4,Zona Leste,Spinning,30,4.97,False,0,False,False,False,False,True,Cancelado,63,2.07,False,176.78,2024-04,25-34,Medio-Presencial,False,False,False,False
266,2025-08-23,,Mensal,129.9,Zona Leste,Musculacao,43,3.45,True,18,False,False,False,False,False,Ativo,130,4.27,False,554.67,2025-08,35-44,Alto,False,False,False,False
268,2025-06-01,,Mensal,129.9,Zona Leste,Musculacao,26,6.03,True,19,False,False,False,False,False,Ativo,213,7.0,False,909.3,2025-06,25-34,Alto,False,False,False,False
269,2024-09-27,,Mensal,129.9,Zona Leste,Yoga,45,7.0,True,19,False,False,False,False,False,Ativo,460,15.11,False,1962.79,2024-09,45-54,Alto,False,False,False,False
270,2025-03-31,,Mensal,129.9,Centro,Funcional,29,1.77,True,8,False,False,False,False,False,Ativo,275,9.03,False,1173.0,2025-03,25-34,Medio-Digital,False,False,False,False
271,2024-06-29,2024-09-29,Mensal,129.9,Zona Oeste,Funcional,44,1.55,False,0,False,False,False,False,True,Cancelado,92,3.02,False,392.3,2024-06,35-44,Baixo,False,False,False,False
272,2024-12-30,,Mensal,123.4,Zona Oeste,Crossfit,37,3.01,True,10,False,False,False,False,False,Ativo,366,12.02,False,1483.27,2024-12,35-44,Alto,False,False,False,False
273,2024-06-07,,Mensal,129.9,Zona Oeste,Spinning,28,4.23,True,13,False,False,False,False,False,Ativo,572,18.79,False,2440.82,2024-06,25-34,Alto,False,False,False,False
274,2024-10-03,,Trimestral,109.9,Centro,Musculacao,37,2.76,True,18,False,False,False,False,False,Ativo,454,14.91,False,1638.61,2024-10,35-44,Medio-Digital,False,False,False,False
275,2024-10-12,,Trimestral,109.9,Zona Oeste,Musculacao,36,7.0,True,81,False,False,True,True,False,Ativo,445,14.62,False,1606.74,2024-10,35-44,Alto,False,False,False,True
276,2025-08-28,,Mensal,129.9,Zona Oeste,Musculacao,43,3.28,True,11,False,False,False,False,False,Ativo,125,4.11,False,533.89,2025-08,35-44,Alto,False,False,False,False
277,2025-03-15,,Mensal,123.4,Zona Oeste,Crossfit,26,2.19,True,7,False,False,False,False,False,Ativo,291,9.56,False,1179.7,2025-03,25-34,Medio-Digital,False,False,False,False
278,2025-03-29,,Mensal,129.9,Zona Leste,Spinning,32,2.33,True,8,False,False,False,False,False,Ativo,277,9.1,False,1182.09,2025-03,25-34,Medio-Digital,False,False,False,False
279,2024-07-17,,Anual,89.9,Zona Leste,Musculacao,31,7.0,True,32,False,False,False,False,False,Ativo,532,17.48,False,1571.45,2024-07,25-34,Alto,False,False,False,False
280,2024-10-31,,Anual,89.9,Zona Oeste,Musculacao,40,3.42,True,0,False,False,False,False,False,Ativo,426,13.99,False,1257.7,2024-10,35-44,Alto,False,False,False,False
281,2024-11-26,,Mensal,129.9,Zona Leste,Spinning,21,5.84,True,24,False,False,False,False,False,Ativo,400,13.14,False,1706.89,2024-11,16-24,Alto,False,False,False,False
282,2025-07-03,,Mensal,129.9,Centro,Funcional,43,1.07,False,0,False,False,False,False,False,Ativo,181,5.95,False,772.91,2025-07,35-44,Baixo,False,False,False,False
283,2024-05-09,,Mensal,129.9,Zona Leste,Musculacao,37,5.1,False,0,False,False,False,False,False,Ativo,601,19.74,False,2564.23,2024-05,35-44,Medio-Presencial,False,False,False,False
284,2024-02-07,,Mensal,129.9,Zona Leste,Yoga,18,1.96,True,3,False,False,False,False,False,Ativo,693,22.77,False,2957.82,2024-02,16-24,Medio-Digital,False,False,False,False
285,2024-12-19,,Trimestral,109.9,Zona Leste,Funcional,45,4.72,False,0,False,False,False,False,False,Ativo,377,12.39,False,1361.66,2024-12,45-54,Medio-Presencial,False,False,False,False
286,2025-07-23,2025-08-28,Mensal,129.9,Centro,Yoga,57,1.95,True,0,False,False,False,False,True,Cancelado,36,1.18,True,153.28,2025-07,55+,Medio-Digital,False,False,False,False
287,2025-05-28,2025-09-19,Mensal,123.4,Zona Leste,Musculacao,43,2.41,False,0,False,False,False,False,True,Cancelado,114,3.75,False,462.75,2025-05,35-44,Baixo,False,False,False,False
288,2025-07-21,,Mensal,129.9,Zona Oeste,Funcional,48,1.64,True,12,False,False,False,False,False,Ativo,163,5.35,False,694.96,2025-07,45-54,Medio-Digital,False,False,False,False
289,2024-10-02,,Mensal,129.9,Centro,Musculacao,33,4.51,True,12,False,False,False,False,False,Ativo,455,14.95,False,1942.0,2024-10,25-34,Alto,False,False,False,False
290,2024-06-08,2024-07-03,Mensal,129.9,Zona Leste,Musculacao,37,4.87,True,15,False,False,False,False,True,Cancelado,25,0.82,True,106.52,2024-06,35-44,Alto,False,False,False,False
291,2025-04-06,2025-08-15,Anual,89.9,Zona Oeste,Funcional,32,2.54,True,3,False,False,False,False,True,Cancelado,131,4.3,False,386.57,2025-04,25-34,Medio-Digital,False,False,False,False
292,2024-01-27,2024-04-17,Mensal,123.4,Zona Leste,Funcional,35,1.24,False,0,False,False,False,False,True,Cancelado,81,2.66,False,328.24,2024-01,35-44,Baixo,False,False,False,False
293,2025-09-18,,Anual,89.9,Zona Leste,Musculacao,25,6.35,True,21,False,False,False,False,False,Ativo,104,3.42,False,307.46,2025-09,25-34,Alto,False,False,False,False
294,2025-05-14,2025-06-12,Mensal,129.9,Zona Oeste,Crossfit,22,2.13,False,0,False,False,False,False,True,Cancelado,29,0.95,True,123.4,2025-05,16-24,Baixo,False,False,False,False
295,2024-12-18,,Anual,85.4,Centro,Musculacao,31,3.34,True,9,False,False,False,False,False,Ativo,378,12.42,False,1060.67,2024-12,25-34,Alto,False,False,False,False
296,2024-05-19,,Anual,85.4,Zona Leste,Funcional,39,2.35,False,0,False,False,False,False,False,Ativo,591,19.42,False,1658.47,2024-05,35-44,Baixo,False,False,False,False
297,2024-06-24,,Anual,85.4,Zona Oeste,Crossfit,16,4.85,True,11,False,False,False,False,False,Ativo,555,18.23,False,1556.84,2024-06,16-24,Alto,False,False,False,False
298,2025-11-28,,Trimestral,109.9,Zona Leste,Spinning,27,4.6,False,0,False,False,False,False,False,Ativo,33,1.08,False,118.69,2025-11,25-34,Medio-Presencial,False,False,False,False
299,2024-01-11,2024-03-26,Trimestral,359.35,Zona Oeste,Yoga,49,3.26,True,14,False,True,False,True,True,Cancelado,75,2.46,False,884.0,2024-01,45-54,Alto,False,False,False,True
300,2024-01-07,,Trimestral,109.9,Zona Oeste,Funcional,20,5.43,True,29,False,False,False,False,False,Ativo,724,23.78,False,2613.42,2024-01,16-24,Alto,False,False,False,False
301,2024-08-31,,Trimestral,109.9,Zona Oeste,Yoga,42,5.25,False,0,False,False,False,False,False,Ativo,487,16.0,False,1758.4,2024-08,35-44,Medio-Presencial,False,False,False,False
302,2024-06-09,,Mensal,129.9,Zona Oeste,Funcional,27,2.92,True,12,False,False,False,False,False,Ativo,570,18.73,False,2433.03,2024-06,25-34,Medio-Digital,False,False,False,False
303,2025-04-18,2025-08-13,Mensal,123.4,Zona Leste,Funcional,38,2.74,True,12,False,False,False,False,True,Cancelado,117,3.84,False,473.86,2025-04,35-44,Medio-Digital,False,False,False,False
304,2024-01-30,,Mensal,129.9,Zona Oeste,Musculacao,44,4.27,True,21,False,False,False,False,False,Ativo,701,23.03,False,2991.6,2024-01,35-44,Alto,False,False,False,False
305,2025-07-03,,Anual,89.9,Zona Oeste,Funcional,40,3.39,False,0,False,False,False,False,False,Ativo,181,5.95,False,534.91,2025-07,35-44,Medio-Presencial,False,False,False,False
306,2025-07-01,,Mensal,386.32,Zona Oeste,Musculacao,33,5.27,True,22,False,True,False,True,False,Ativo,183,6.01,False,2321.78,2025-07,25-34,Alto,False,False,False,True
307,2024-06-09,2024-07-18,Mensal,129.9,Zona Leste,Crossfit,19,1.74,True,13,False,False,False,False,True,Cancelado,39,1.28,True,166.27,2024-06,16-24,Medio-Digital,False,False,False,False
308,2025-02-09,,Trimestral,109.9,Zona Leste,Musculacao,44,1.3,False,0,False,False,False,False,False,Ativo,325,10.68,False,1173.73,2025-02,35-44,Baixo,False,False,False,False
309,2025-04-15,,Mensal,123.4,Zona Leste,Musculacao,23,4.02,True,14,False,False,False,False,False,Ativo,260,8.54,False,1053.84,2025-04,16-24,Alto,False,False,False,False
310,2025-08-16,,Mensal,129.9,Zona Leste,Musculacao,35,2.27,False,0,False,False,False,False,False,Ativo,137,4.5,False,584.55,2025-08,35-44,Baixo,False,False,False,False
311,2025-05-27,2025-10-04,Mensal,123.4,Zona Leste,Musculacao,35,1.59,True,0,False,False,False,False,True,Cancelado,130,4.27,False,526.92,2025-05,35-44,Medio-Digital,False,False,False,False
312,2025-11-04,,Mensal,129.9,Zona Leste,Musculacao,37,7.0,True,27,False,False,False,False,False,Ativo,57,1.87,False,242.91,2025-11,35-44,Alto,False,False,False,False
313,2024-03-22,2024-04-21,Mensal,129.9,Zona Oeste,Funcional,36,3.07,False,0,False,False,False,False,True,Cancelado,30,0.99,True,128.6,2024-03,35-44,Medio-Presencial,False,False,False,False
314,2025-03-03,2025-07-20,Mensal,129.9,Zona Leste,Musculacao,23,1.38,True,5,False,False,False,False,True,Cancelado,139,4.57,False,593.64,2025-03,16-24,Medio-Digital,False,False,False,False
315,2025-06-24,,Mensal,123.4,Centro,Musculacao,17,2.13,True,5,False,False,False,False,False,Ativo,190,6.24,False,770.02,2025-06,16-24,Medio-Digital,False,False,False,False
316,2024-06-11,,Mensal,406.24,Zona Oeste,Spinning,42,3.26,False,0,False,True,False,True,False,Ativo,568,18.66,False,7580.44,2024-06,35-44,Medio-Presencial,True,False,True,True
317,2024-06-01,2024-09-12,Mensal,129.9,Zona Oeste,Musculacao,34,3.97,False,0,False,False,False,False,True,Cancelado,103,3.38,False,439.06,2024-06,25-34,Medio-Presencial,False,False,False,False
318,2024-03-05,2024-04-13,Trimestral,109.9,Zona Oeste,Musculacao,45,2.38,True,0,False,False,False,False,True,Cancelado,39,1.28,True,140.67,2024-03,45-54,Medio-Digital,False,False,False,False
319,2025-11-21,,Mensal,123.4,Zona Oeste,Musculacao,32,2.81,False,0,False,False,False,False,False,Ativo,40,1.31,False,161.65,2025-11,25-34,Baixo,False,False,False,False
320,2025-08-29,,Anual,89.9,Zona Oeste,Musculacao,17,4.06,True,16,False,False,False,False,False,Ativo,124,4.07,False,365.89,2025-08,16-24,Alto,False,False,False,False
322,2024-06-20,2024-09-01,Mensal,116.91,Zona Oeste,Musculacao,28,2.92,True,9,False,False,False,False,True,Cancelado,73,2.4,False,280.58,2024-06,25-34,Medio-Digital,False,False,False,False
323,2024-11-16,,Mensal,123.4,Zona Oeste,Funcional,36,6.94,True,25,False,False,False,False,False,Ativo,410,13.47,False,1662.2,2024-11,35-44,Alto,False,False,False,False
324,2025-09-17,,Mensal,129.9,Zona Oeste,Funcional,25,4.32,True,17,False,False,False,False,False,Ativo,105,3.45,False,448.16,2025-09,25-34,Alto,False,False,False,False
326,2025-09-06,,Trimestral,98.91,Zona Leste,Musculacao,22,4.37,True,10,False,False,False,False,False,Ativo,116,3.81,False,376.85,2025-09,16-24,Alto,False,False,False,False
327,2025-08-02,,Trimestral,418.39,Zona Oeste,Crossfit,28,5.54,True,16,False,True,False,True,False,Ativo,151,4.96,False,2075.21,2025-08,25-34,Alto,False,False,False,True
328,2025-03-15,2025-09-03,Mensal,129.9,Zona Oeste,Funcional,33,3.39,True,9,False,False,False,False,True,Cancelado,172,5.65,False,733.94,2025-03,25-34,Alto,False,False,False,False
329,2024-07-22,,Trimestral,109.9,Centro,Spinning,20,1.97,True,7,False,False,False,False,False,Ativo,527,17.31,False,1902.37,2024-07,16-24,Medio-Digital,False,False,False,False
330,2025-02-26,,Mensal,123.4,Zona Oeste,Spinning,36,3.75,True,0,False,False,False,False,False,Ativo,308,10.12,False,1248.81,2025-02,35-44,Alto,False,False,False,False
331,2024-12-11,,Trimestral,109.9,Zona Oeste,Musculacao,50,3.26,True,20,False,False,False,False,False,Ativo,385,12.65,False,1390.24,2024-12,45-54,Alto,False,False,False,False
332,2025-10-27,,Mensal,129.9,Centro,Yoga,27,5.7,True,20,False,False,False,False,False,Ativo,65,2.14,False,277.99,2025-10,25-34,Alto,False,False,False,False
333,2024-11-09,,Trimestral,109.9,Zona Oeste,Crossfit,36,1.87,False,0,False,False,False,False,False,Ativo,417,13.7,False,1505.63,2024-11,35-44,Baixo,False,False,False,False
334,2025-06-13,2025-11-03,Anual,85.4,Zona Leste,Crossfit,47,2.4,False,0,False,False,False,False,True,Cancelado,143,4.7,False,401.38,2025-06,45-54,Baixo,False,False,False,False
335,2024-05-01,,Mensal,129.9,Zona Leste,Musculacao,32,3.12,True,10,False,False,False,False,False,Ativo,609,20.01,False,2599.3,2024-05,25-34,Alto,False,False,False,False
336,2025-04-23,,Trimestral,104.4,Zona Leste,Musculacao,29,4.43,True,22,False,False,False,False,False,Ativo,252,8.28,False,864.43,2025-04,25-34,Alto,False,False,False,False
337,2024-11-13,2024-12-10,Mensal,123.4,Zona Leste,Musculacao,23,1.45,False,0,False,False,False,False,True,Cancelado,27,0.89,True,109.83,2024-11,16-24,Baixo,False,False,False,False
338,2024-11-01,2024-12-23,Trimestral,98.91,Zona Leste,Musculacao,44,1.9,True,7,False,False,False,False,True,Cancelado,52,1.71,True,169.14,2024-11,35-44,Medio-Digital,False,False,False,False
339,2025-06-12,2025-10-30,Mensal,123.4,Zona Oeste,Musculacao,28,4.69,True,25,False,False,False,False,True,Cancelado,140,4.6,False,567.64,2025-06,25-34,Alto,False,False,False,False
340,2024-12-04,2025-03-24,Anual,89.9,Zona Oeste,Funcional,30,2.04,True,5,False,False,False,False,True,Cancelado,110,3.61,False,324.54,2024-12,25-34,Medio-Digital,False,False,False,False
341,2024-02-11,2024-04-24,Mensal,129.9,Zona Leste,Musculacao,28,1.87,True,5,False,False,False,False,True,Cancelado,73,2.4,False,311.76,2024-02,25-34,Medio-Digital,False,False,False,False
342,2024-09-29,,Anual,89.9,Zona Oeste,Musculacao,32,5.39,True,29,False,False,False,False,False,Ativo,458,15.05,False,1353.0,2024-09,25-34,Alto,False,False,False,False
343,2025-11-05,,Trimestral,98.91,Zona Leste,Musculacao,20,4.4,True,16,False,False,False,False,False,Ativo,56,1.84,False,181.99,2025-11,16-24,Alto,False,False,False,False
344,2025-10-24,,Trimestral,109.9,Centro,Musculacao,43,2.4,True,15,False,False,False,False,False,Ativo,68,2.23,False,245.08,2025-10,35-44,Medio-Digital,False,False,False,False
345,2025-03-06,,Trimestral,109.9,Zona Leste,Crossfit,24,4.16,True,13,False,False,False,False,False,Ativo,300,9.86,False,1083.61,2025-03,16-24,Alto,False,False,False,False
346,2025-03-22,,Trimestral,104.4,Zona Oeste,Funcional,24,3.79,False,0,False,False,False,False,False,Ativo,284,9.33,False,974.05,2025-03,16-24,Medio-Presencial,False,False,False,False
347,2024-07-02,,Anual,89.9,Zona Leste,Musculacao,28,3.41,False,0,False,False,False,False,False,Ativo,547,17.97,False,1615.5,2024-07,25-34,Medio-Presencial,False,False,False,False
348,2025-06-30,,Mensal,123.4,Zona Oeste,Funcional,51,2.47,False,0,False,False,False,False,False,Ativo,184,6.04,False,745.34,2025-06,45-54,Baixo,False,False,False,False
349,2025-02-23,,Trimestral,109.9,Zona Leste,Musculacao,40,4.08,False,0,False,False,False,False,False,Ativo,311,10.22,False,1123.18,2025-02,35-44,Medio-Presencial,False,False,False,False
350,2024-01-27,2025-05-09,Mensal,129.9,Zona Oeste,Musculacao,26,1.57,False,0,False,False,False,False,True,Cancelado,468,15.37,False,1996.56,2024-01,25-34,Baixo,False,False,False,False
351,2025-10-26,,Trimestral,109.9,Zona Leste,Spinning,46,4.06,True,12,False,False,False,False,False,Ativo,66,2.17,False,238.48,2025-10,45-54,Alto,False,False,False,False
352,2025-08-19,2025-09-13,Mensal,129.9,Centro,Musculacao,24,3.37,True,13,False,False,False,False,True,Cancelado,25,0.82,True,106.52,2025-08,16-24,Alto,False,False,False,False
353,2024-02-27,,Trimestral,109.9,Zona Oeste,Funcional,43,3.75,True,17,False,False,False,False,False,Ativo,673,22.11,False,2429.89,2024-02,35-44,Alto,False,False,False,False
354,2024-10-19,2025-01-19,Trimestral,104.4,Zona Oeste,Musculacao,17,3.26,True,7,False,False,False,False,True,Cancelado,92,3.02,False,315.29,2024-10,16-24,Alto,False,False,False,False
355,2025-06-03,2025-09-02,Mensal,129.9,Centro,Funcional,44,5.77,True,21,False,False,False,False,True,Cancelado,91,2.99,False,388.4,2025-06,35-44,Alto,False,False,False,False
356,2025-05-31,2025-07-14,Mensal,129.9,Centro,Yoga,28,2.15,True,8,False,False,False,False,True,Cancelado,44,1.45,True,188.36,2025-05,25-34,Medio-Digital,False,False,False,False
357,2024-04-27,,Trimestral,104.4,Zona Leste,Musculacao,21,2.59,True,14,False,False,False,False,False,Ativo,613,20.14,False,2102.62,2024-04,16-24,Medio-Digital,False,False,False,False
358,2024-01-29,,Trimestral,104.4,Zona Leste,Musculacao,30,3.05,True,10,False,False,False,False,False,Ativo,702,23.06,False,2407.46,2024-01,25-34,Alto,False,False,False,False
359,2025-11-20,,Mensal,129.9,Zona Leste,Spinning,35,4.15,True,17,False,False,False,False,False,Ativo,41,1.35,False,175.36,2025-11,35-44,Alto,False,False,False,False
360,2025-09-17,,Trimestral,98.91,Zona Leste,Yoga,27,3.69,True,16,False,False,False,False,False,Ativo,105,3.45,False,341.24,2025-09,25-34,Alto,False,False,False,False
361,2025-05-31,,Anual,89.9,Zona Oeste,Funcional,38,1.76,True,9,False,False,False,False,False,Ativo,214,7.03,False,632.0,2025-05,35-44,Medio-Digital,False,False,False,False
362,2025-04-06,,Mensal,129.9,Centro,Funcional,26,3.04,True,12,False,False,False,False,False,Ativo,269,8.84,False,1148.32,2025-04,25-34,Alto,False,False,False,False
363,2025-04-25,,Mensal,129.9,Centro,Spinning,39,3.18,True,17,False,False,False,False,False,Ativo,250,8.21,False,1066.48,2025-04,35-44,Alto,False,False,False,False
364,2024-11-16,,Mensal,123.4,Zona Oeste,Musculacao,37,5.84,True,26,False,False,False,False,False,Ativo,410,13.47,False,1662.2,2024-11,35-44,Alto,False,False,False,False
365,2025-04-24,,Trimestral,109.9,Zona Oeste,Spinning,31,2.84,True,0,False,False,False,False,False,Ativo,251,8.25,False,906.68,2025-04,25-34,Medio-Digital,False,False,False,False
366,2024-07-31,,Mensal,129.9,Centro,Musculacao,27,3.97,True,0,False,False,False,False,False,Ativo,518,17.02,False,2210.9,2024-07,25-34,Alto,False,False,False,False
367,2024-02-28,,Trimestral,104.4,Centro,Funcional,34,7.0,True,24,False,False,False,False,False,Ativo,672,22.08,False,2305.15,2024-02,25-34,Alto,False,False,False,False
368,2024-08-05,,Trimestral,109.9,Zona Leste,Musculacao,38,5.59,True,17,False,False,False,False,False,Ativo,513,16.85,False,1851.82,2024-08,35-44,Alto,False,False,False,False
369,2024-07-24,,Mensal,129.9,Zona Oeste,Musculacao,55,1.76,False,0,False,False,False,False,False,Ativo,525,17.25,False,2240.78,2024-07,55+,Baixo,False,False,False,False
370,2024-07-31,,Anual,85.4,Centro,Spinning,42,3.26,False,0,False,False,False,False,False,Ativo,518,17.02,False,1453.51,2024-07,35-44,Medio-Presencial,False,False,False,False
371,2024-11-25,2025-06-02,Trimestral,109.9,Zona Leste,Spinning,43,3.26,True,11,False,False,False,False,True,Cancelado,189,6.21,False,682.48,2024-11,35-44,Alto,False,False,False,False
372,2024-04-01,,Mensal,129.9,Zona Leste,Funcional,66,2.55,True,14,False,False,False,False,False,Ativo,639,20.99,False,2726.6,2024-04,55+,Medio-Digital,False,False,False,False
373,2024-10-12,,Mensal,129.9,Centro,Spinning,38,4.45,True,15,False,False,False,False,False,Ativo,445,14.62,False,1899.14,2024-10,35-44,Alto,False,False,False,False
374,2024-11-20,,Mensal,116.91,Centro,Crossfit,37,1.75,False,0,False,False,False,False,False,Ativo,406,13.34,False,1559.58,2024-11,35-44,Baixo,False,False,False,False
375,2024-05-11,2024-06-12,Mensal,129.9,Centro,Musculacao,40,2.17,True,2,False,False,False,False,True,Cancelado,32,1.05,True,136.4,2024-05,35-44,Medio-Digital,False,False,False,False
376,2024-11-13,2024-12-26,Mensal,129.9,Centro,Crossfit,21,2.81,False,0,False,False,False,False,True,Cancelado,43,1.41,True,183.16,2024-11,16-24,Baixo,False,False,False,False
377,2025-04-17,,Anual,89.9,Zona Leste,Funcional,33,3.03,False,0,False,False,False,False,False,Ativo,258,8.48,False,762.35,2025-04,25-34,Medio-Presencial,False,False,False,False
378,2024-10-15,,Mensal,129.9,Zona Leste,Funcional,26,4.21,True,14,False,False,False,False,False,Ativo,442,14.52,False,1886.15,2024-10,25-34,Alto,False,False,False,False
379,2024-01-02,2024-10-02,Mensal,116.91,Zona Oeste,Funcional,39,3.0,True,11,False,False,False,False,True,Cancelado,274,9.0,False,1052.19,2024-01,35-44,Alto,False,False,False,False
380,2025-05-07,,Trimestral,109.9,Zona Oeste,Spinning,30,2.6,False,0,False,False,False,False,False,Ativo,238,7.82,False,859.42,2025-05,25-34,Baixo,False,False,False,False
381,2025-02-08,,Trimestral,109.9,Zona Oeste,Musculacao,34,5.55,True,17,False,False,False,False,False,Ativo,326,10.71,False,1177.03,2025-02,25-34,Alto,False,False,False,False
382,2024-10-20,2025-02-03,Anual,89.9,Zona Oeste,Funcional,44,4.68,False,0,False,False,False,False,True,Cancelado,106,3.48,False,312.85,2024-10,35-44,Medio-Presencial,False,False,False,False
383,2024-01-16,,Trimestral,109.9,Zona Leste,Musculacao,41,1.6,True,12,False,False,False,False,False,Ativo,715,23.49,False,2581.55,2024-01,35-44,Medio-Digital,False,False,False,False
384,2024-03-03,2024-11-16,Mensal,129.9,Zona Oeste,Musculacao,30,1.34,False,0,False,False,False,False,True,Cancelado,258,8.48,False,1101.55,2024-03,25-34,Baixo,False,False,False,False
385,2024-02-25,2024-12-23,Mensal,116.91,Zona Leste,Crossfit,25,2.36,False,0,False,False,False,False,True,Cancelado,302,9.92,False,1159.75,2024-02,25-34,Baixo,False,False,False,False
386,2025-08-19,,Anual,89.9,Zona Leste,Musculacao,44,2.0,False,0,False,False,False,False,False,Ativo,134,4.4,False,395.56,2025-08,35-44,Baixo,False,False,False,False
387,2024-08-04,,Trimestral,109.9,Zona Leste,Spinning,41,5.13,True,15,False,False,False,False,False,Ativo,514,16.89,False,1856.21,2024-08,35-44,Alto,False,False,False,False
388,2024-10-24,,Anual,89.9,Zona Leste,Funcional,29,2.78,True,10,False,False,False,False,False,Ativo,433,14.22,False,1278.38,2024-10,25-34,Medio-Digital,False,False,False,False
389,2025-05-02,,Mensal,129.9,Centro,Musculacao,29,3.96,True,14,False,False,False,False,False,Ativo,243,7.98,False,1036.6,2025-05,25-34,Alto,False,False,False,False
390,2025-04-03,,Anual,89.9,Zona Leste,Crossfit,34,7.0,True,30,False,False,False,False,False,Ativo,272,8.94,False,803.71,2025-04,25-34,Alto,False,False,False,False
391,2024-02-15,,Trimestral,109.9,Zona Leste,Musculacao,41,4.64,False,0,False,False,False,False,False,Ativo,685,22.5,False,2472.75,2024-02,35-44,Medio-Presencial,False,False,False,False
392,2025-10-12,,Mensal,129.9,Zona Oeste,Crossfit,42,0.97,False,0,False,False,False,False,False,Ativo,80,2.63,False,341.64,2025-10,35-44,Baixo,False,False,False,False
393,2024-07-04,2024-10-21,Trimestral,104.4,Zona Oeste,Yoga,35,2.53,True,12,False,False,False,False,True,Cancelado,109,3.58,False,373.75,2024-07,35-44,Medio-Digital,False,False,False,False
394,2025-06-21,2025-12-25,Trimestral,104.4,Zona Leste,Musculacao,38,3.0,True,12,False,False,False,False,True,Cancelado,187,6.14,False,641.02,2025-06,35-44,Alto,False,False,False,False
395,2025-08-05,,Mensal,129.9,Zona Leste,Musculacao,33,3.52,True,22,False,False,False,False,False,Ativo,148,4.86,False,631.31,2025-08,25-34,Alto,False,False,False,False
396,2025-01-12,,Mensal,116.91,Zona Leste,Musculacao,25,4.75,True,13,False,False,False,False,False,Ativo,353,11.6,False,1356.16,2025-01,25-34,Alto,False,False,False,False
397,2024-04-23,,Trimestral,109.9,Zona Oeste,Musculacao,29,7.0,True,25,False,False,False,False,False,Ativo,617,20.27,False,2227.67,2024-04,25-34,Alto,False,False,False,False
399,2024-06-20,2024-08-22,Mensal,123.4,Zona Leste,Crossfit,32,2.98,False,0,False,False,False,False,True,Cancelado,63,2.07,False,255.44,2024-06,25-34,Baixo,False,False,False,False
400,2025-08-17,2025-12-16,Mensal,129.9,Zona Leste,Musculacao,17,2.96,True,12,False,False,False,False,True,Cancelado,121,3.98,False,517.0,2025-08,16-24,Medio-Digital,False,False,False,False
401,2025-06-12,,Mensal,129.9,Zona Oeste,Yoga,28,3.26,True,20,False,False,False,False,False,Ativo,202,6.64,False,862.54,2025-06,25-34,Alto,False,False,False,False
402,2025-07-30,,Anual,85.4,Zona Leste,Musculacao,33,3.62,True,21,False,False,False,False,False,Ativo,154,5.06,False,432.12,2025-07,25-34,Alto,False,False,False,False
403,2025-08-02,,Trimestral,109.9,Centro,Crossfit,29,2.51,True,8,False,False,False,False,False,Ativo,151,4.96,False,545.1,2025-08,25-34,Medio-Digital,False,False,False,False
404,2024-05-05,,Mensal,123.4,Zona Leste,Musculacao,29,4.92,True,13,False,False,False,False,False,Ativo,605,19.88,False,2453.19,2024-05,25-34,Alto,False,False,False,False
405,2024-01-22,2024-03-11,Anual,89.9,Zona Oeste,Spinning,37,3.26,True,23,False,False,False,False,True,Cancelado,49,1.61,True,144.74,2024-01,35-44,Alto,False,False,False,False
406,2025-03-14,,Anual,85.4,Zona Leste,Funcional,20,1.87,True,2,False,False,False,False,False,Ativo,292,9.59,False,818.99,2025-03,16-24,Medio-Digital,False,False,False,False
407,2025-03-05,,Mensal,129.9,Zona Leste,Musculacao,36,2.6,False,0,False,False,False,False,False,Ativo,301,9.89,False,1284.71,2025-03,35-44,Baixo,False,False,False,False
408,2025-08-29,,Anual,89.9,Zona Leste,Musculacao,28,2.03,False,0,False,False,False,False,False,Ativo,124,4.07,False,365.89,2025-08,25-34,Baixo,False,False,False,False
409,2025-03-22,2025-09-03,Mensal,129.9,Centro,Musculacao,40,0.62,True,3,False,False,False,False,True,Cancelado,165,5.42,False,704.06,2025-03,35-44,Medio-Digital,False,False,False,False
410,2025-07-16,,Anual,85.4,Centro,Spinning,51,7.0,True,27,False,False,False,False,False,Ativo,168,5.52,False,471.41,2025-07,45-54,Alto,False,False,False,False
411,2024-09-01,2024-12-23,Trimestral,109.9,Zona Leste,Spinning,41,3.52,True,14,False,False,False,False,True,Cancelado,113,3.71,False,407.73,2024-09,35-44,Alto,False,False,False,False
412,2024-03-28,2024-05-14,Trimestral,104.4,Zona Leste,Funcional,38,2.91,True,14,False,False,False,False,True,Cancelado,47,1.54,True,160.78,2024-03,35-44,Medio-Digital,False,False,False,False
413,2024-01-27,,Mensal,129.9,Centro,Musculacao,33,3.26,False,0,False,False,False,False,False,Ativo,704,23.13,False,3004.59,2024-01,25-34,Medio-Presencial,False,False,False,False
414,2024-10-31,,Anual,89.9,Zona Oeste,Musculacao,35,3.65,True,15,False,False,False,False,False,Ativo,426,13.99,False,1257.7,2024-10,35-44,Alto,False,False,False,False
415,2024-01-02,2024-02-29,Mensal,129.9,Zona Leste,Musculacao,33,3.26,False,0,False,False,False,False,True,Cancelado,58,1.91,True,248.11,2024-01,25-34,Medio-Presencial,False,False,False,False
416,2024-12-28,2025-05-23,Mensal,129.9,Zona Leste,Musculacao,38,1.78,True,5,False,False,False,False,True,Cancelado,146,4.8,False,623.52,2024-12,35-44,Medio-Digital,False,False,False,False
417,2024-10-07,2024-12-31,Mensal,116.91,Zona Oeste,Musculacao,22,2.41,True,0,False,False,False,False,True,Cancelado,85,2.79,False,326.18,2024-10,16-24,Medio-Digital,False,False,False,False
418,2024-06-29,,Trimestral,109.9,Zona Oeste,Crossfit,33,6.21,True,17,False,False,False,False,False,Ativo,550,18.07,False,1985.89,2024-06,25-34,Alto,False,False,False,False
419,2025-02-17,,Mensal,129.9,Zona Oeste,Spinning,33,4.87,True,10,False,False,False,False,False,Ativo,317,10.41,False,1352.26,2025-02,25-34,Alto,False,False,False,False
420,2025-04-20,2025-05-24,Anual,89.9,Centro,Funcional,41,2.96,False,0,False,False,False,False,True,Cancelado,34,1.12,True,100.69,2025-04,35-44,Baixo,False,False,False,False
421,2024-01-28,,Trimestral,109.9,Zona Oeste,Musculacao,23,7.0,True,26,False,False,False,False,False,Ativo,703,23.09,False,2537.59,2024-01,16-24,Alto,False,False,False,False
422,2024-11-29,,Mensal,129.9,Zona Leste,Musculacao,28,2.96,True,9,False,False,False,False,False,Ativo,397,13.04,False,1693.9,2024-11,25-34,Medio-Digital,False,False,False,False
423,2025-10-19,2025-11-24,Mensal,123.4,Zona Oeste,Spinning,59,2.01,False,0,False,False,False,False,True,Cancelado,36,1.18,True,145.61,2025-10,55+,Baixo,False,False,False,False
424,2024-07-27,,Mensal,129.9,Zona Leste,Musculacao,25,3.69,True,3,False,False,False,False,False,Ativo,522,17.15,False,2227.78,2024-07,25-34,Alto,False,False,False,False
425,2025-06-30,,Trimestral,109.9,Zona Leste,Musculacao,33,6.67,True,17,False,False,False,False,False,Ativo,184,6.04,False,663.8,2025-06,25-34,Alto,False,False,False,False
427,2024-07-09,2024-08-30,Mensal,129.9,Zona Leste,Spinning,34,2.06,True,7,False,False,False,False,True,Cancelado,52,1.71,True,222.13,2024-07,25-34,Medio-Digital,False,False,False,False
428,2025-08-22,,Anual,89.9,Zona Oeste,Musculacao,31,3.26,True,37,False,False,False,False,False,Ativo,131,4.3,False,386.57,2025-08,25-34,Alto,False,False,False,False
429,2024-09-06,2025-02-01,Mensal,129.9,Zona Leste,Musculacao,25,2.53,False,0,False,False,False,False,True,Cancelado,148,4.86,False,631.31,2024-09,25-34,Baixo,False,False,False,False
430,2025-08-29,,Trimestral,109.9,Zona Leste,Spinning,34,4.25,True,12,False,False,False,False,False,Ativo,124,4.07,False,447.29,2025-08,25-34,Alto,False,False,False,False
431,2025-04-03,,Anual,85.4,Zona Oeste,Musculacao,22,5.1,True,26,False,False,False,False,False,Ativo,272,8.94,False,763.48,2025-04,16-24,Alto,False,False,False,False
432,2025-07-22,2025-11-22,Trimestral,98.91,Zona Oeste,Musculacao,37,5.66,True,22,False,False,False,False,True,Cancelado,123,4.04,False,399.6,2025-07,35-44,Alto,False,False,False,False
433,2025-07-24,,Trimestral,98.91,Zona Oeste,Musculacao,18,3.61,True,19,False,False,False,False,False,Ativo,160,5.26,False,520.27,2025-07,16-24,Alto,False,False,False,False
434,2025-10-01,,Anual,85.4,Centro,Musculacao,32,3.97,True,10,False,False,False,False,False,Ativo,91,2.99,False,255.35,2025-10,25-34,Alto,False,False,False,False
436,2025-10-28,,Mensal,123.4,Zona Leste,Spinning,35,5.06,True,0,False,False,False,False,False,Ativo,64,2.1,False,259.14,2025-10,35-44,Alto,False,False,False,False
437,2024-02-11,2024-05-22,Mensal,129.9,Zona Oeste,Musculacao,33,4.59,True,17,False,False,False,False,True,Cancelado,101,3.32,False,431.27,2024-02,25-34,Alto,False,False,False,False
438,2024-12-10,,Mensal,129.9,Zona Oeste,Musculacao,29,2.02,True,5,False,False,False,False,False,Ativo,386,12.68,False,1647.13,2024-12,25-34,Medio-Digital,False,False,False,False
439,2024-10-04,,Trimestral,109.9,Zona Leste,Spinning,29,4.56,True,62,False,False,True,True,False,Ativo,453,14.88,False,1635.31,2024-10,25-34,Alto,False,False,False,True
440,2024-03-08,,Trimestral,109.9,Zona Leste,Yoga,26,5.15,True,21,False,False,False,False,False,Ativo,663,21.78,False,2393.62,2024-03,25-34,Alto,False,False,False,False
441,2025-09-03,2025-11-04,Anual,80.91,Zona Leste,Spinning,26,5.65,True,20,False,False,False,False,True,Cancelado,62,2.04,False,165.06,2025-09,25-34,Alto,False,False,False,False
442,2025-07-14,,Mensal,123.4,Zona Oeste,Crossfit,32,3.61,True,16,False,False,False,False,False,Ativo,170,5.58,False,688.57,2025-07,25-34,Alto,False,False,False,False
443,2025-06-08,2025-09-22,Trimestral,109.9,Zona Leste,Musculacao,33,3.76,True,15,False,False,False,False,True,Cancelado,106,3.48,False,382.45,2025-06,25-34,Alto,False,False,False,False
444,2025-03-19,2025-04-30,Mensal,129.9,Zona Leste,Spinning,39,3.03,False,0,False,False,False,False,True,Cancelado,42,1.38,True,179.26,2025-03,35-44,Medio-Presencial,False,False,False,False
445,2025-02-25,2025-04-28,Mensal,129.9,Centro,Musculacao,29,3.19,True,0,False,False,False,False,True,Cancelado,62,2.04,False,265.0,2025-02,25-34,Alto,False,False,False,False
446,2024-09-23,,Trimestral,109.9,Centro,Musculacao,21,7.0,True,23,False,False,False,False,False,Ativo,464,15.24,False,1674.88,2024-09,16-24,Alto,False,False,False,False
447,2025-04-23,2025-06-10,Anual,85.4,Zona Leste,Musculacao,29,3.8,True,12,False,False,False,False,True,Cancelado,48,1.58,True,134.93,2025-04,25-34,Alto,False,False,False,False
448,2025-11-13,2025-12-28,Trimestral,98.91,Centro,Crossfit,34,2.36,False,0,False,False,False,False,True,Cancelado,45,1.48,True,146.39,2025-11,25-34,Baixo,False,False,False,False
449,2024-06-24,,Mensal,129.9,Zona Leste,Funcional,36,3.65,True,19,False,False,False,False,False,Ativo,555,18.23,False,2368.08,2024-06,35-44,Alto,False,False,False,False
451,2024-03-17,,Mensal,129.9,Centro,Funcional,25,4.99,True,14,False,False,False,False,False,Ativo,654,21.48,False,2790.25,2024-03,25-34,Alto,False,False,False,False
452,2025-09-27,,Anual,89.9,Zona Leste,Yoga,31,2.32,True,8,False,False,False,False,False,Ativo,95,3.12,False,280.49,2025-09,25-34,Medio-Digital,False,False,False,False
453,2025-01-06,,Trimestral,109.9,Zona Oeste,Crossfit,37,6.41,True,27,False,False,False,False,False,Ativo,359,11.79,False,1295.72,2025-01,35-44,Alto,False,False,False,False
454,2025-02-18,,Mensal,129.9,Centro,Funcional,32,4.42,True,18,False,False,False,False,False,Ativo,316,10.38,False,1348.36,2025-02,25-34,Alto,False,False,False,False
455,2024-07-05,2024-11-25,Mensal,129.9,Centro,Musculacao,26,5.99,True,24,False,False,False,False,True,Cancelado,143,4.7,False,610.53,2024-07,25-34,Alto,False,False,False,False
456,2024-01-26,2024-05-17,Mensal,129.9,Centro,Musculacao,34,1.42,False,0,False,False,False,False,True,Cancelado,112,3.68,False,478.03,2024-01,25-34,Baixo,False,False,False,False
457,2025-07-17,,Anual,89.9,Zona Oeste,Funcional,26,5.74,True,0,False,False,False,False,False,Ativo,167,5.49,False,493.55,2025-07,25-34,Alto,False,False,False,False
458,2025-08-25,,Mensal,123.4,Zona Leste,Yoga,20,1.72,True,8,False,False,False,False,False,Ativo,128,4.2,False,518.28,2025-08,16-24,Medio-Digital,False,False,False,False
459,2024-08-26,,Trimestral,109.9,Centro,Spinning,36,2.94,True,8,False,False,False,False,False,Ativo,492,16.16,False,1775.98,2024-08,35-44,Medio-Digital,False,False,False,False
460,2025-06-17,,Trimestral,104.4,Zona Oeste,Musculacao,23,4.74,True,15,False,False,False,False,False,Ativo,197,6.47,False,675.47,2025-06,16-24,Alto,False,False,False,False
461,2025-02-04,,Trimestral,109.9,Zona Oeste,Musculacao,20,1.88,True,7,False,False,False,False,False,Ativo,330,10.84,False,1191.32,2025-02,16-24,Medio-Digital,False,False,False,False
462,2025-03-25,,Mensal,129.9,Zona Leste,Spinning,38,2.33,True,37,False,False,False,False,False,Ativo,281,9.23,False,1198.98,2025-03,35-44,Medio-Digital,False,False,False,False
463,2024-04-30,2024-05-19,Anual,89.9,Zona Oeste,Yoga,39,1.95,True,9,False,False,False,False,True,Cancelado,19,0.62,True,55.74,2024-04,35-44,Medio-Digital,False,False,False,False
464,2025-03-06,,Mensal,314.66,Zona Leste,Musculacao,22,4.43,True,16,False,True,False,True,False,Ativo,300,9.86,False,3102.55,2025-03,16-24,Alto,False,False,False,True
465,2024-04-22,,Trimestral,109.9,Zona Oeste,Funcional,29,2.25,True,11,False,False,False,False,False,Ativo,618,20.3,False,2230.97,2024-04,25-34,Medio-Digital,False,False,False,False
466,2024-06-02,,Trimestral,109.9,Zona Leste,Yoga,31,3.39,True,12,False,False,False,False,False,Ativo,577,18.96,False,2083.7,2024-06,25-34,Alto,False,False,False,False
467,2024-09-06,,Trimestral,109.9,Zona Oeste,Crossfit,27,4.07,True,14,False,False,False,False,False,Ativo,481,15.8,False,1736.42,2024-09,25-34,Alto,False,False,False,False
468,2024-05-30,,Anual,80.91,Centro,Musculacao,36,4.18,True,16,False,False,False,False,False,Ativo,580,19.05,False,1541.34,2024-05,35-44,Alto,False,False,False,False
469,2025-09-28,,Mensal,129.9,Zona Oeste,Crossfit,41,3.46,True,16,False,False,False,False,False,Ativo,94,3.09,False,401.39,2025-09,35-44,Alto,False,False,False,False
470,2024-01-21,,Mensal,129.9,Zona Oeste,Funcional,24,3.46,True,14,False,False,False,False,False,Ativo,710,23.32,False,3029.27,2024-01,16-24,Alto,False,False,False,False
471,2025-09-24,2025-11-15,Mensal,123.4,Zona Leste,Yoga,44,1.46,False,0,False,False,False,False,True,Cancelado,52,1.71,True,211.01,2025-09,35-44,Baixo,False,False,False,False
472,2024-04-17,,Mensal,129.9,Centro,Musculacao,44,2.76,True,11,False,False,False,False,False,Ativo,623,20.47,False,2659.05,2024-04,35-44,Medio-Digital,False,False,False,False
473,2025-09-01,,Mensal,129.9,Zona Oeste,Spinning,18,3.44,True,7,False,False,False,False,False,Ativo,121,3.98,False,517.0,2025-09,16-24,Alto,False,False,False,False
474,2024-08-23,2024-12-16,Mensal,123.4,Zona Leste,Funcional,40,3.26,False,0,False,False,False,False,True,Cancelado,115,3.78,False,466.45,2024-08,35-44,Medio-Presencial,False,False,False,False
475,2025-10-06,,Mensal,129.9,Zona Leste,Musculacao,50,2.93,False,0,False,False,False,False,False,Ativo,86,2.83,False,367.62,2025-10,45-54,Baixo,False,False,False,False
476,2025-01-13,,Mensal,129.9,Zona Leste,Spinning,37,2.15,True,6,False,False,False,False,False,Ativo,352,11.56,False,1501.64,2025-01,35-44,Medio-Digital,False,False,False,False
477,2024-12-08,,Mensal,129.9,Zona Oeste,Funcional,32,3.59,True,68,False,False,True,True,False,Ativo,388,12.75,False,1656.22,2024-12,25-34,Alto,False,False,False,True
478,2024-04-01,,Trimestral,109.9,Centro,Funcional,25,4.17,True,12,False,False,False,False,False,Ativo,639,20.99,False,2306.8,2024-04,25-34,Alto,False,False,False,False
479,2024-10-30,2025-05-07,Trimestral,104.4,Zona Oeste,Musculacao,43,2.74,False,0,False,False,False,False,True,Cancelado,189,6.21,False,648.32,2024-10,35-44,Baixo,False,False,False,False
480,2025-01-25,,Mensal,129.9,Zona Leste,Spinning,33,5.01,True,18,False,False,False,False,False,Ativo,340,11.17,False,1450.98,2025-01,25-34,Alto,False,False,False,False
481,2025-11-19,,Mensal,129.9,Centro,Musculacao,28,6.22,True,16,False,False,False,False,False,Ativo,42,1.38,False,179.26,2025-11,25-34,Alto,False,False,False,False
482,2024-07-03,,Mensal,129.9,Zona Leste,Crossfit,20,3.17,True,9,False,False,False,False,False,Ativo,546,17.94,False,2330.41,2024-07,16-24,Alto,False,False,False,False
483,2024-02-27,,Trimestral,109.9,Centro,Crossfit,33,2.29,True,5,False,False,False,False,False,Ativo,673,22.11,False,2429.89,2024-02,25-34,Medio-Digital,False,False,False,False
484,2024-06-26,2024-10-29,Mensal,129.9,Zona Leste,Musculacao,33,1.62,True,8,False,False,False,False,True,Cancelado,125,4.11,False,533.89,2024-06,25-34,Medio-Digital,False,False,False,False
485,2024-06-19,,Mensal,129.9,Zona Oeste,Musculacao,42,2.67,False,0,False,False,False,False,False,Ativo,560,18.4,False,2390.16,2024-06,35-44,Baixo,False,False,False,False
486,2025-10-25,,Mensal,123.4,Centro,Musculacao,34,3.06,True,11,False,False,False,False,False,Ativo,67,2.2,False,271.48,2025-10,25-34,Alto,False,False,False,False
487,2024-04-15,2024-08-10,Mensal,129.9,Zona Leste,Spinning,46,1.57,True,3,False,False,False,False,True,Cancelado,117,3.84,False,498.82,2024-04,45-54,Medio-Digital,False,False,False,False
488,2025-11-25,,Mensal,123.4,Zona Oeste,Crossfit,32,2.62,True,8,False,False,False,False,False,Ativo,36,1.18,False,145.61,2025-11,25-34,Medio-Digital,False,False,False,False
489,2024-03-20,,Trimestral,109.9,Centro,Spinning,31,5.13,True,22,False,False,False,False,False,Ativo,651,21.39,False,2350.76,2024-03,25-34,Alto,False,False,False,False
490,2025-07-22,2025-08-15,Trimestral,109.9,Zona Leste,Musculacao,44,1.12,True,3,False,False,False,False,True,Cancelado,24,0.79,True,86.82,2025-07,35-44,Medio-Digital,False,False,False,False
491,2024-10-17,,Trimestral,109.9,Zona Leste,Musculacao,33,3.53,True,8,False,False,False,False,False,Ativo,440,14.45,False,1588.06,2024-10,25-34,Alto,False,False,False,False
492,2024-02-08,2024-04-24,Trimestral,104.4,Zona Oeste,Musculacao,63,2.57,True,15,False,False,False,False,True,Cancelado,76,2.5,False,261.0,2024-02,55+,Medio-Digital,False,False,False,False
493,2025-03-05,,Trimestral,109.9,Zona Leste,Musculacao,36,3.35,True,11,False,False,False,False,False,Ativo,301,9.89,False,1086.91,2025-03,35-44,Alto,False,False,False,False
494,2025-05-25,,Mensal,129.9,Zona Leste,Funcional,36,6.38,True,15,False,False,False,False,False,Ativo,220,7.23,False,939.18,2025-05,35-44,Alto,False,False,False,False
495,2025-08-10,,Trimestral,104.4,Zona Oeste,Funcional,33,3.28,True,10,False,False,False,False,False,Ativo,143,4.7,False,490.68,2025-08,25-34,Alto,False,False,False,False
496,2024-05-04,,Mensal,129.9,Zona Oeste,Musculacao,53,2.81,True,0,False,False,False,False,False,Ativo,606,19.91,False,2586.31,2024-05,45-54,Medio-Digital,False,False,False,False
497,2025-03-08,2025-05-22,Mensal,129.9,Zona Leste,Crossfit,41,4.29,False,0,False,False,False,False,True,Cancelado,75,2.46,False,319.55,2025-03,35-44,Medio-Presencial,False,False,False,False
498,2025-02-02,,Trimestral,109.9,Zona Leste,Musculacao,38,3.86,True,8,False,False,False,False,False,Ativo,332,10.91,False,1199.01,2025-02,35-44,Alto,False,False,False,False
499,2024-11-05,2024-12-29,Mensal,129.9,Centro,Yoga,47,3.28,False,0,False,False,False,False,True,Cancelado,54,1.77,True,229.92,2024-11,45-54,Medio-Presencial,False,False,False,False
500,2025-09-17,,Mensal,129.9,Zona Oeste,Musculacao,28,3.68,False,0,False,False,False,False,False,Ativo,105,3.45,False,448.16,2025-09,25-34,Medio-Presencial,False,False,False,False
501,2024-10-23,,Trimestral,414.44,Centro,Spinning,33,5.78,True,31,False,True,False,True,False,Ativo,434,14.26,False,5909.91,2024-10,25-34,Alto,True,False,True,True
502,2024-09-23,,Anual,85.4,Zona Leste,Crossfit,18,5.28,True,20,False,False,False,False,False,Ativo,464,15.24,False,1301.5,2024-09,16-24,Alto,False,False,False,False
503,2025-01-02,,Anual,89.9,Centro,Musculacao,38,3.26,False,0,False,False,False,False,False,Ativo,363,11.93,False,1072.51,2025-01,35-44,Medio-Presencial,False,False,False,False
504,2025-10-12,,Mensal,129.9,Zona Oeste,Funcional,25,6.22,True,28,False,False,False,False,False,Ativo,80,2.63,False,341.64,2025-10,25-34,Alto,False,False,False,False
505,2025-08-30,,Mensal,116.91,Zona Leste,Musculacao,33,2.39,True,13,False,False,False,False,False,Ativo,123,4.04,False,472.32,2025-08,25-34,Medio-Digital,False,False,False,False
506,2025-05-10,,Trimestral,109.9,Centro,Spinning,33,3.53,True,0,False,False,False,False,False,Ativo,235,7.72,False,848.43,2025-05,25-34,Alto,False,False,False,False
507,2024-02-26,,Mensal,129.9,Zona Oeste,Musculacao,53,3.47,True,12,False,False,False,False,False,Ativo,674,22.14,False,2875.99,2024-02,45-54,Alto,False,False,False,False
508,2024-07-29,,Anual,89.9,Zona Leste,Musculacao,54,3.2,False,0,False,False,False,False,False,Ativo,520,17.08,False,1535.49,2024-07,45-54,Medio-Presencial,False,False,False,False
509,2024-01-11,2024-04-30,Mensal,129.9,Zona Leste,Musculacao,33,5.89,True,17,False,False,False,False,True,Cancelado,110,3.61,False,468.94,2024-01,25-34,Alto,False,False,False,False
510,2024-03-07,,Mensal,129.9,Zona Oeste,Musculacao,33,2.58,False,0,False,False,False,False,False,Ativo,664,21.81,False,2833.12,2024-03,25-34,Baixo,False,False,False,False
511,2025-08-05,,Mensal,116.91,Zona Leste,Funcional,28,2.91,False,0,False,False,False,False,False,Ativo,148,4.86,False,568.18,2025-08,25-34,Baixo,False,False,False,False
512,2025-07-24,,Anual,85.4,Zona Leste,Spinning,44,5.62,True,26,False,False,False,False,False,Ativo,160,5.26,False,449.2,2025-07,35-44,Alto,False,False,False,False
513,2024-03-12,,Mensal,129.9,Zona Leste,Musculacao,28,2.44,True,10,False,False,False,False,False,Ativo,659,21.65,False,2812.34,2024-03,25-34,Medio-Digital,False,False,False,False
514,2024-11-16,2025-01-15,Mensal,129.9,Zona Leste,Crossfit,27,1.53,False,0,False,False,False,False,True,Cancelado,60,1.97,True,255.9,2024-11,25-34,Baixo,False,False,False,False
515,2024-07-14,,Mensal,123.4,Zona Leste,Crossfit,43,3.32,False,0,False,False,False,False,False,Ativo,535,17.58,False,2169.37,2024-07,35-44,Medio-Presencial,False,False,False,False
516,2024-02-20,,Mensal,129.9,Zona Oeste,Musculacao,26,1.79,False,0,False,False,False,False,False,Ativo,680,22.34,False,2901.97,2024-02,25-34,Baixo,False,False,False,False
517,2024-09-24,2024-11-13,Mensal,123.4,Zona Leste,Spinning,32,3.26,False,0,False,False,False,False,True,Cancelado,50,1.64,True,202.38,2024-09,25-34,Medio-Presencial,False,False,False,False
518,2024-03-13,,Trimestral,109.9,Zona Leste,Musculacao,32,1.14,False,0,False,False,False,False,False,Ativo,658,21.62,False,2376.04,2024-03,25-34,Baixo,False,False,False,False
519,2025-05-30,,Mensal,129.9,Zona Oeste,Funcional,40,0.96,True,2,False,False,False,False,False,Ativo,215,7.06,False,917.09,2025-05,35-44,Medio-Digital,False,False,False,False
520,2025-11-07,2025-11-29,Trimestral,104.4,Zona Leste,Musculacao,53,3.26,False,0,False,False,False,False,True,Cancelado,22,0.72,True,75.17,2025-11,45-54,Medio-Presencial,False,False,False,False
521,2024-10-22,,Anual,89.9,Zona Oeste,Funcional,40,7.0,True,29,False,False,False,False,False,Ativo,435,14.29,False,1284.67,2024-10,35-44,Alto,False,False,False,False
522,2024-06-19,2024-11-01,Mensal,129.9,Zona Leste,Musculacao,48,1.0,True,1,False,False,False,False,True,Cancelado,135,4.43,False,575.46,2024-06,45-54,Medio-Digital,False,False,False,False
523,2024-12-15,,Mensal,123.4,Zona Leste,Musculacao,23,1.77,True,9,False,False,False,False,False,Ativo,381,12.52,False,1544.97,2024-12,16-24,Medio-Digital,False,False,False,False
524,2025-11-07,,Trimestral,109.9,Zona Leste,Funcional,35,3.19,True,0,False,False,False,False,False,Ativo,54,1.77,False,194.52,2025-11,35-44,Alto,False,False,False,False
526,2025-04-21,,Mensal,129.9,Zona Leste,Yoga,29,3.26,True,0,False,False,False,False,False,Ativo,254,8.34,False,1083.37,2025-04,25-34,Alto,False,False,False,False
527,2024-03-06,2024-07-18,Anual,89.9,Centro,Musculacao,40,2.59,True,8,False,False,False,False,True,Cancelado,134,4.4,False,395.56,2024-03,35-44,Medio-Digital,False,False,False,False
528,2024-07-29,,Anual,89.9,Zona Leste,Musculacao,33,3.8,True,11,False,False,False,False,False,Ativo,520,17.08,False,1535.49,2024-07,25-34,Alto,False,False,False,False
529,2024-11-03,,Trimestral,109.9,Zona Oeste,Musculacao,16,3.14,True,11,False,False,False,False,False,Ativo,423,13.9,False,1527.61,2024-11,16-24,Alto,False,False,False,False
530,2024-09-25,,Mensal,129.9,Zona Oeste,Musculacao,18,3.15,True,18,False,False,False,False,False,Ativo,462,15.18,False,1971.88,2024-09,16-24,Alto,False,False,False,False
531,2024-05-05,,Trimestral,104.4,Zona Leste,Musculacao,33,3.62,True,0,False,False,False,False,False,Ativo,605,19.88,False,2075.47,2024-05,25-34,Alto,False,False,False,False
532,2025-06-27,,Trimestral,109.9,Zona Oeste,Spinning,37,4.07,True,16,False,False,False,False,False,Ativo,187,6.14,False,674.79,2025-06,35-44,Alto,False,False,False,False
533,2025-04-16,,Mensal,129.9,Zona Leste,Spinning,55,2.3,True,12,False,False,False,False,False,Ativo,259,8.51,False,1105.45,2025-04,55+,Medio-Digital,False,False,False,False
534,2024-10-31,,Trimestral,109.9,Zona Leste,Funcional,47,5.67,True,22,False,False,False,False,False,Ativo,426,13.99,False,1537.5,2024-10,45-54,Alto,False,False,False,False
535,2024-10-20,,Mensal,123.4,Zona Leste,Musculacao,29,7.0,True,26,False,False,False,False,False,Ativo,437,14.36,False,1772.02,2024-10,25-34,Alto,False,False,False,False
536,2024-02-22,2024-07-18,Mensal,129.9,Centro,Musculacao,48,2.59,False,0,False,False,False,False,True,Cancelado,147,4.83,False,627.42,2024-02,45-54,Baixo,False,False,False,False
537,2025-04-07,,Mensal,123.4,Centro,Funcional,42,7.0,True,20,False,False,False,False,False,Ativo,268,8.8,False,1085.92,2025-04,35-44,Alto,False,False,False,False
538,2024-06-09,,Mensal,129.9,Zona Leste,Musculacao,59,2.37,True,9,False,False,False,False,False,Ativo,570,18.73,False,2433.03,2024-06,55+,Medio-Digital,False,False,False,False
539,2024-07-29,2024-12-04,Mensal,129.9,Zona Oeste,Crossfit,29,3.27,True,54,False,False,True,True,True,Cancelado,128,4.2,False,545.58,2024-07,25-34,Alto,False,False,False,True
540,2025-08-25,,Anual,80.91,Zona Oeste,Musculacao,44,3.46,True,0,False,False,False,False,False,Ativo,128,4.2,False,339.82,2025-08,35-44,Alto,False,False,False,False
541,2025-03-25,,Anual,85.4,Zona Leste,Spinning,38,3.76,False,0,False,False,False,False,False,Ativo,281,9.23,False,788.24,2025-03,35-44,Medio-Presencial,False,False,False,False
542,2025-05-02,,Trimestral,109.9,Centro,Crossfit,18,5.38,False,0,False,False,False,False,False,Ativo,243,7.98,False,877.0,2025-05,16-24,Medio-Presencial,False,False,False,False
543,2024-07-04,,Anual,89.9,Zona Oeste,Funcional,39,3.37,True,11,False,False,False,False,False,Ativo,545,17.9,False,1609.21,2024-07,35-44,Alto,False,False,False,False
544,2024-12-16,2025-01-18,Anual,89.9,Centro,Funcional,33,2.2,False,0,False,False,False,False,True,Cancelado,33,1.08,True,97.09,2024-12,25-34,Baixo,False,False,False,False
545,2024-01-10,,Mensal,129.9,Centro,Funcional,30,2.27,True,10,False,False,False,False,False,Ativo,721,23.69,False,3077.33,2024-01,25-34,Medio-Digital,False,False,False,False
546,2024-06-20,2024-09-04,Mensal,123.4,Zona Leste,Musculacao,45,2.82,True,7,False,False,False,False,True,Cancelado,76,2.5,False,308.5,2024-06,45-54,Medio-Digital,False,False,False,False
547,2025-07-14,2025-08-02,Mensal,123.4,Zona Leste,Funcional,32,3.42,True,11,False,False,False,False,True,Cancelado,19,0.62,True,76.51,2025-07,25-34,Alto,False,False,False,False
548,2024-11-28,,Mensal,129.9,Zona Oeste,Crossfit,27,2.05,True,2,False,False,False,False,False,Ativo,398,13.07,False,1697.79,2024-11,25-34,Medio-Digital,False,False,False,False
549,2025-03-20,,Trimestral,109.9,Zona Leste,Crossfit,42,2.42,True,8,False,False,False,False,False,Ativo,286,9.4,False,1033.06,2025-03,35-44,Medio-Digital,False,False,False,False
550,2025-07-06,,Mensal,129.9,Zona Leste,Spinning,43,3.48,True,12,False,False,False,False,False,Ativo,178,5.85,False,759.92,2025-07,35-44,Alto,False,False,False,False
551,2025-10-17,,Mensal,129.9,Centro,Musculacao,46,3.54,True,0,False,False,False,False,False,Ativo,75,2.46,False,319.55,2025-10,45-54,Alto,False,False,False,False
552,2024-02-27,,Mensal,327.41,Zona Leste,Yoga,42,4.78,True,19,False,True,False,True,False,Ativo,673,22.11,False,7239.04,2024-02,35-44,Alto,True,False,True,True
553,2025-02-10,,Mensal,129.9,Zona Oeste,Spinning,44,2.26,False,0,False,False,False,False,False,Ativo,324,10.64,False,1382.14,2025-02,35-44,Baixo,False,False,False,False
554,2025-11-27,,Anual,89.9,Centro,Musculacao,40,4.55,True,20,False,False,False,False,False,Ativo,34,1.12,False,100.69,2025-11,35-44,Alto,False,False,False,False
555,2024-05-19,2024-09-14,Mensal,129.9,Zona Leste,Musculacao,35,2.91,True,8,False,False,False,False,True,Cancelado,118,3.88,False,504.01,2024-05,35-44,Medio-Digital,False,False,False,False
556,2025-08-24,,Mensal,116.91,Zona Oeste,Musculacao,33,2.43,True,10,False,False,False,False,False,Ativo,129,4.24,False,495.7,2025-08,25-34,Medio-Digital,False,False,False,False
557,2025-02-10,,Mensal,129.9,Centro,Musculacao,29,2.96,False,0,False,False,False,False,False,Ativo,324,10.64,False,1382.14,2025-02,25-34,Baixo,False,False,False,False
558,2024-08-10,,Mensal,129.9,Zona Oeste,Musculacao,19,3.17,True,0,False,False,False,False,False,Ativo,508,16.69,False,2168.03,2024-08,16-24,Alto,False,False,False,False
559,2025-07-02,,Trimestral,109.9,Zona Leste,Musculacao,21,1.8,False,0,False,False,False,False,False,Ativo,182,5.98,False,657.2,2025-07,16-24,Baixo,False,False,False,False
560,2025-09-01,2025-12-24,Mensal,129.9,Zona Leste,Musculacao,29,1.62,True,9,False,False,False,False,True,Cancelado,114,3.75,False,487.12,2025-09,25-34,Medio-Digital,False,False,False,False
561,2024-04-09,2024-09-23,Mensal,129.9,Centro,Crossfit,35,4.27,True,13,False,False,False,False,True,Cancelado,167,5.49,False,713.15,2024-04,35-44,Alto,False,False,False,False
562,2025-04-22,,Mensal,129.9,Zona Leste,Musculacao,48,2.56,False,0,False,False,False,False,False,Ativo,253,8.31,False,1079.47,2025-04,45-54,Baixo,False,False,False,False
563,2025-10-17,,Anual,350.89,Zona Oeste,Musculacao,32,3.98,True,17,False,True,False,True,False,Ativo,75,2.46,False,863.19,2025-10,25-34,Alto,False,False,False,True
564,2025-04-11,,Trimestral,109.9,Zona Leste,Spinning,43,4.46,True,15,False,False,False,False,False,Ativo,264,8.67,False,952.83,2025-04,35-44,Alto,False,False,False,False
565,2025-01-18,,Trimestral,104.4,Zona Leste,Musculacao,44,3.22,True,6,False,False,False,False,False,Ativo,347,11.4,False,1190.16,2025-01,35-44,Alto,False,False,False,False
566,2024-04-07,,Trimestral,109.9,Centro,Crossfit,29,4.29,True,14,False,False,False,False,False,Ativo,633,20.8,False,2285.92,2024-04,25-34,Alto,False,False,False,False
567,2024-11-11,,Trimestral,109.9,Zona Oeste,Musculacao,39,3.43,True,17,False,False,False,False,False,Ativo,415,13.63,False,1497.94,2024-11,35-44,Alto,False,False,False,False
568,2025-09-26,,Mensal,129.9,Centro,Spinning,29,3.25,True,18,False,False,False,False,False,Ativo,96,3.15,False,409.18,2025-09,25-34,Alto,False,False,False,False
569,2025-07-13,,Mensal,123.4,Zona Leste,Spinning,47,5.33,True,25,False,False,False,False,False,Ativo,171,5.62,False,693.51,2025-07,45-54,Alto,False,False,False,False
570,2024-11-11,,Mensal,123.4,Zona Oeste,Musculacao,33,2.81,False,0,False,False,False,False,False,Ativo,415,13.63,False,1681.94,2024-11,25-34,Baixo,False,False,False,False
571,2024-08-04,,Mensal,123.4,Centro,Musculacao,19,4.29,True,22,False,False,False,False,False,Ativo,514,16.89,False,2084.23,2024-08,16-24,Alto,False,False,False,False
572,2025-07-16,2025-09-05,Anual,89.9,Zona Leste,Musculacao,33,1.94,True,6,False,False,False,False,True,Cancelado,51,1.68,True,151.03,2025-07,25-34,Medio-Digital,False,False,False,False
573,2025-11-08,,Mensal,129.9,Zona Leste,Musculacao,50,3.37,False,0,False,False,False,False,False,Ativo,53,1.74,False,226.03,2025-11,45-54,Medio-Presencial,False,False,False,False
574,2024-07-28,,Trimestral,109.9,Centro,Musculacao,30,6.24,True,15,False,False,False,False,False,Ativo,521,17.12,False,1881.49,2024-07,25-34,Alto,False,False,False,False
575,2025-07-21,,Anual,89.9,Zona Leste,Funcional,37,7.0,True,30,False,False,False,False,False,Ativo,163,5.35,False,480.96,2025-07,35-44,Alto,False,False,False,False
576,2024-08-03,2024-12-25,Mensal,129.9,Zona Oeste,Musculacao,38,1.43,True,5,False,False,False,False,True,Cancelado,144,4.73,False,614.43,2024-08,35-44,Medio-Digital,False,False,False,False
577,2025-08-02,,Anual,89.9,Centro,Musculacao,21,3.1,True,9,False,False,False,False,False,Ativo,151,4.96,False,445.9,2025-08,16-24,Alto,False,False,False,False
578,2025-11-06,,Trimestral,109.9,Zona Leste,Spinning,38,2.07,False,0,False,False,False,False,False,Ativo,55,1.81,False,198.92,2025-11,35-44,Baixo,False,False,False,False
579,2025-04-09,,Anual,89.9,Zona Leste,Spinning,17,3.41,True,9,False,False,False,False,False,Ativo,266,8.74,False,785.73,2025-04,16-24,Alto,False,False,False,False
580,2024-12-13,,Mensal,129.9,Zona Leste,Musculacao,25,4.63,True,19,False,False,False,False,False,Ativo,383,12.58,False,1634.14,2024-12,25-34,Alto,False,False,False,False
581,2024-08-07,,Mensal,129.9,Zona Leste,Musculacao,44,5.43,True,26,False,False,False,False,False,Ativo,511,16.79,False,2181.02,2024-08,35-44,Alto,False,False,False,False
582,2024-02-11,,Mensal,123.4,Zona Leste,Musculacao,36,5.51,True,15,False,False,False,False,False,Ativo,689,22.63,False,2792.54,2024-02,35-44,Alto,False,False,False,False
583,2024-02-06,2024-09-02,Mensal,129.9,Zona Oeste,Musculacao,29,1.36,True,1,False,False,False,False,True,Cancelado,209,6.87,False,892.41,2024-02,25-34,Medio-Digital,False,False,False,False
584,2025-08-07,,Mensal,123.4,Zona Leste,Musculacao,37,3.13,True,16,False,False,False,False,False,Ativo,146,4.8,False,592.32,2025-08,35-44,Alto,False,False,False,False
585,2025-04-08,2025-08-05,Anual,89.9,Zona Oeste,Crossfit,31,2.79,True,9,False,False,False,False,True,Cancelado,119,3.91,False,351.51,2025-04,25-34,Medio-Digital,False,False,False,False
586,2024-06-08,2025-01-30,Trimestral,104.4,Zona Leste,Spinning,32,3.03,False,0,False,False,False,False,True,Cancelado,236,7.75,False,809.1,2024-06,25-34,Medio-Presencial,False,False,False,False
587,2025-01-21,,Mensal,123.4,Zona Leste,Spinning,33,2.4,True,11,False,False,False,False,False,Ativo,344,11.3,False,1394.42,2025-01,25-34,Medio-Digital,False,False,False,False
588,2025-09-07,,Mensal,129.9,Zona Leste,Funcional,24,1.4,True,9,False,False,False,False,False,Ativo,115,3.78,False,491.02,2025-09,16-24,Medio-Digital,False,False,False,False
589,2025-03-29,2025-05-19,Mensal,116.91,Zona Oeste,Funcional,32,5.45,False,0,False,False,False,False,True,Cancelado,51,1.68,True,196.41,2025-03,25-34,Medio-Presencial,False,False,False,False
590,2025-10-03,,Mensal,129.9,Zona Oeste,Musculacao,29,2.06,True,4,False,False,False,False,False,Ativo,89,2.92,False,379.31,2025-10,25-34,Medio-Digital,False,False,False,False
591,2024-03-23,,Anual,89.9,Zona Leste,Musculacao,35,2.81,True,15,False,False,False,False,False,Ativo,648,21.29,False,1913.97,2024-03,35-44,Medio-Digital,False,False,False,False
592,2024-02-20,,Mensal,123.4,Centro,Spinning,22,6.0,True,23,False,False,False,False,False,Ativo,680,22.34,False,2756.76,2024-02,16-24,Alto,False,False,False,False
593,2025-04-11,2025-08-28,Mensal,129.9,Zona Oeste,Funcional,49,1.26,False,0,False,False,False,False,True,Cancelado,139,4.57,False,593.64,2025-04,45-54,Baixo,False,False,False,False
594,2025-02-11,,Trimestral,109.9,Zona Leste,Musculacao,36,4.04,True,0,False,False,False,False,False,Ativo,323,10.61,False,1166.04,2025-02,35-44,Alto,False,False,False,False
595,2025-04-26,2025-06-03,Mensal,129.9,Centro,Musculacao,17,4.95,True,21,False,False,False,False,True,Cancelado,38,1.25,True,162.38,2025-04,16-24,Alto,False,False,False,False
596,2025-11-18,,Mensal,129.9,Zona Leste,Musculacao,24,5.77,True,0,False,False,False,False,False,Ativo,43,1.41,False,183.16,2025-11,16-24,Alto,False,False,False,False
597,2024-03-17,,Trimestral,109.9,Zona Leste,Musculacao,31,3.91,True,17,False,False,False,False,False,Ativo,654,21.48,False,2360.65,2024-03,25-34,Alto,False,False,False,False
598,2025-10-13,,Trimestral,109.9,Zona Oeste,Spinning,49,4.58,True,17,False,False,False,False,False,Ativo,79,2.6,False,285.74,2025-10,45-54,Alto,False,False,False,False
599,2024-02-12,,Anual,89.9,Zona Leste,Funcional,30,5.49,True,22,False,False,False,False,False,Ativo,688,22.6,False,2031.74,2024-02,25-34,Alto,False,False,False,False
600,2025-01-02,,Trimestral,109.9,Zona Leste,Spinning,46,3.13,False,0,False,False,False,False,False,Ativo,363,11.93,False,1311.11,2025-01,45-54,Medio-Presencial,False,False,False,False
601,2025-08-05,,Mensal,129.9,Zona Oeste,Musculacao,36,1.91,True,8,False,False,False,False,False,Ativo,148,4.86,False,631.31,2025-08,35-44,Medio-Digital,False,False,False,False
602,2025-04-21,,Trimestral,109.9,Zona Leste,Musculacao,37,6.47,True,22,False,False,False,False,False,Ativo,254,8.34,False,916.57,2025-04,35-44,Alto,False,False,False,False
603,2024-06-04,,Anual,89.9,Centro,Yoga,17,4.66,True,16,False,False,False,False,False,Ativo,575,18.89,False,1698.21,2024-06,16-24,Alto,False,False,False,False
604,2025-02-26,,Trimestral,109.9,Centro,Spinning,42,3.38,True,12,False,False,False,False,False,Ativo,308,10.12,False,1112.19,2025-02,35-44,Alto,False,False,False,False
605,2025-09-23,,Anual,89.9,Zona Oeste,Musculacao,28,1.99,False,0,False,False,False,False,False,Ativo,99,3.25,False,292.18,2025-09,25-34,Baixo,False,False,False,False
606,2024-05-22,,Trimestral,104.4,Zona Oeste,Musculacao,41,1.02,False,0,False,False,False,False,False,Ativo,588,19.32,False,2017.01,2024-05,35-44,Baixo,False,False,False,False
607,2025-10-18,,Anual,85.4,Zona Oeste,Yoga,33,4.3,False,0,False,False,False,False,False,Ativo,74,2.43,False,207.52,2025-10,25-34,Medio-Presencial,False,False,False,False
608,2025-04-02,,Mensal,129.9,Centro,Yoga,34,0.74,False,0,False,False,False,False,False,Ativo,273,8.97,False,1165.2,2025-04,25-34,Baixo,False,False,False,False
609,2024-03-01,,Trimestral,109.9,Zona Leste,Crossfit,36,3.36,False,0,False,False,False,False,False,Ativo,670,22.01,False,2418.9,2024-03,35-44,Medio-Presencial,False,False,False,False
610,2024-08-21,2024-10-02,Mensal,123.4,Zona Leste,Funcional,30,2.11,False,0,False,False,False,False,True,Cancelado,42,1.38,True,170.29,2024-08,25-34,Baixo,False,False,False,False
611,2025-08-26,,Trimestral,104.4,Zona Oeste,Spinning,36,2.65,True,8,False,False,False,False,False,Ativo,127,4.17,False,435.35,2025-08,35-44,Medio-Digital,False,False,False,False
612,2024-08-24,,Trimestral,109.9,Zona Oeste,Spinning,29,5.79,False,0,False,False,False,False,False,Ativo,494,16.23,False,1783.68,2024-08,25-34,Medio-Presencial,False,False,False,False
613,2025-10-24,,Anual,89.9,Zona Leste,Musculacao,25,2.67,False,0,False,False,False,False,False,Ativo,68,2.23,False,200.48,2025-10,25-34,Baixo,False,False,False,False
614,2024-10-20,,Anual,89.9,Zona Oeste,Funcional,50,3.74,True,13,False,False,False,False,False,Ativo,437,14.36,False,1290.96,2024-10,45-54,Alto,False,False,False,False
615,2024-08-27,2025-03-12,Mensal,129.9,Zona Leste,Funcional,44,2.13,True,8,False,False,False,False,True,Cancelado,197,6.47,False,840.45,2024-08,35-44,Medio-Digital,False,False,False,False
616,2025-08-19,2025-09-28,Trimestral,104.4,Centro,Musculacao,24,3.83,True,19,False,False,False,False,True,Cancelado,40,1.31,True,136.76,2025-08,16-24,Alto,False,False,False,False
617,2025-07-03,,Trimestral,109.9,Zona Leste,Crossfit,38,3.59,True,10,False,False,False,False,False,Ativo,181,5.95,False,653.91,2025-07,35-44,Alto,False,False,False,False
618,2024-06-15,,Mensal,129.9,Zona Leste,Musculacao,24,3.11,True,11,False,False,False,False,False,Ativo,564,18.53,False,2407.05,2024-06,16-24,Alto,False,False,False,False
619,2025-06-30,,Mensal,425.27,Zona Leste,Musculacao,19,4.95,True,22,False,True,False,True,False,Ativo,184,6.04,False,2568.63,2025-06,16-24,Alto,False,False,False,True
620,2024-06-24,2024-10-04,Mensal,123.4,Zona Leste,Musculacao,43,1.26,False,0,False,False,False,False,True,Cancelado,102,3.35,False,413.39,2024-06,35-44,Baixo,False,False,False,False
621,2025-09-18,2025-12-24,Trimestral,109.9,Zona Leste,Crossfit,52,1.32,False,0,False,False,False,False,True,Cancelado,97,3.19,False,350.58,2025-09,45-54,Baixo,False,False,False,False
622,2024-01-06,,Mensal,123.4,Zona Leste,Crossfit,42,1.59,True,3,False,False,False,False,False,Ativo,725,23.82,False,2939.39,2024-01,35-44,Medio-Digital,False,False,False,False
624,2024-04-18,,Mensal,129.9,Zona Leste,Crossfit,30,3.89,True,10,False,False,False,False,False,Ativo,622,20.43,False,2653.86,2024-04,25-34,Alto,False,False,False,False
625,2025-04-18,2025-05-23,Anual,89.9,Zona Leste,Crossfit,37,1.01,False,0,False,False,False,False,True,Cancelado,35,1.15,True,103.38,2025-04,35-44,Baixo,False,False,False,False
626,2025-11-16,,Mensal,129.9,Zona Leste,Yoga,38,3.86,True,15,False,False,False,False,False,Ativo,45,1.48,False,192.25,2025-11,35-44,Alto,False,False,False,False
627,2025-04-12,,Trimestral,98.91,Zona Leste,Crossfit,23,7.0,True,22,False,False,False,False,False,Ativo,263,8.64,False,854.58,2025-04,16-24,Alto,False,False,False,False
628,2024-10-30,2025-10-04,Mensal,129.9,Zona Leste,Musculacao,40,2.58,False,0,False,False,False,False,True,Cancelado,339,11.14,False,1447.09,2024-10,35-44,Baixo,False,False,False,False
629,2025-07-30,,Trimestral,298.42,Zona Leste,Yoga,33,6.55,True,26,False,True,False,True,False,Ativo,154,5.06,False,1510.01,2025-07,25-34,Alto,False,False,False,True
630,2024-05-16,,Trimestral,109.9,Zona Leste,Funcional,18,3.97,True,14,False,False,False,False,False,Ativo,594,19.51,False,2144.15,2024-05,16-24,Alto,False,False,False,False
631,2025-01-15,,Anual,89.9,Zona Leste,Funcional,30,6.5,True,21,False,False,False,False,False,Ativo,350,11.5,False,1033.85,2025-01,25-34,Alto,False,False,False,False
632,2025-11-06,,Trimestral,109.9,Zona Oeste,Musculacao,47,3.26,False,0,False,False,False,False,False,Ativo,55,1.81,False,198.92,2025-11,45-54,Medio-Presencial,False,False,False,False
633,2024-09-06,2024-10-03,Mensal,123.4,Centro,Funcional,50,2.58,False,0,False,False,False,False,True,Cancelado,27,0.89,True,109.83,2024-09,45-54,Baixo,False,False,False,False
634,2024-01-19,2024-04-10,Mensal,129.9,Centro,Crossfit,40,4.64,True,21,False,False,False,False,True,Cancelado,82,2.69,False,349.43,2024-01,35-44,Alto,False,False,False,False
635,2024-11-05,,Mensal,129.9,Zona Oeste,Musculacao,19,2.58,True,7,False,False,False,False,False,Ativo,421,13.83,False,1796.52,2024-11,16-24,Medio-Digital,False,False,False,False
636,2024-12-04,,Mensal,129.9,Zona Oeste,Crossfit,37,6.69,True,27,False,False,False,False,False,Ativo,392,12.88,False,1673.11,2024-12,35-44,Alto,False,False,False,False
637,2025-07-22,,Trimestral,109.9,Zona Leste,Musculacao,41,2.96,True,7,False,False,False,False,False,Ativo,162,5.32,False,584.67,2025-07,35-44,Medio-Digital,False,False,False,False
638,2025-07-17,,Trimestral,109.9,Zona Oeste,Musculacao,40,4.23,True,13,False,False,False,False,False,Ativo,167,5.49,False,603.35,2025-07,35-44,Alto,False,False,False,False
639,2024-08-26,,Trimestral,109.9,Zona Oeste,Musculacao,41,7.0,True,25,False,False,False,False,False,Ativo,492,16.16,False,1775.98,2024-08,35-44,Alto,False,False,False,False
640,2025-06-24,,Anual,89.9,Centro,Yoga,36,4.61,True,12,False,False,False,False,False,Ativo,190,6.24,False,560.98,2025-06,35-44,Alto,False,False,False,False
641,2024-04-10,,Trimestral,109.9,Centro,Funcional,31,2.69,True,4,False,False,False,False,False,Ativo,630,20.7,False,2274.93,2024-04,25-34,Medio-Digital,False,False,False,False
642,2024-05-12,2024-07-02,Trimestral,104.4,Zona Leste,Musculacao,25,1.74,False,0,False,False,False,False,True,Cancelado,51,1.68,True,175.39,2024-05,25-34,Baixo,False,False,False,False
643,2025-02-26,,Mensal,123.4,Zona Oeste,Funcional,42,1.27,True,4,False,False,False,False,False,Ativo,308,10.12,False,1248.81,2025-02,35-44,Medio-Digital,False,False,False,False
645,2025-07-19,,Trimestral,109.9,Zona Leste,Spinning,34,3.21,False,0,False,False,False,False,False,Ativo,165,5.42,False,595.66,2025-07,25-34,Medio-Presencial,False,False,False,False
646,2025-03-11,,Anual,89.9,Centro,Crossfit,38,2.16,False,0,False,False,False,False,False,Ativo,295,9.69,False,871.13,2025-03,35-44,Baixo,False,False,False,False
647,2024-03-30,2024-06-09,Mensal,129.9,Zona Leste,Funcional,17,4.4,True,10,False,False,False,False,True,Cancelado,71,2.33,False,302.67,2024-03,16-24,Alto,False,False,False,False
648,2025-04-17,,Mensal,129.9,Centro,Yoga,39,3.26,True,20,False,False,False,False,False,Ativo,258,8.48,False,1101.55,2025-04,35-44,Alto,False,False,False,False
649,2024-10-27,,Trimestral,317.04,Zona Oeste,Funcional,55,3.18,True,8,False,True,False,True,False,Ativo,430,14.13,False,4479.78,2024-10,55+,Alto,True,False,True,True
651,2024-08-25,2024-12-27,Mensal,129.9,Zona Oeste,Musculacao,31,1.13,False,0,False,False,False,False,True,Cancelado,124,4.07,False,528.69,2024-08,25-34,Baixo,False,False,False,False
652,2025-07-21,2025-09-02,Anual,89.9,Zona Leste,Musculacao,35,3.04,False,0,False,False,False,False,True,Cancelado,43,1.41,True,126.76,2025-07,35-44,Medio-Presencial,False,False,False,False
653,2024-05-04,2024-06-12,Trimestral,109.9,Zona Oeste,Musculacao,54,4.3,True,8,False,False,False,False,True,Cancelado,39,1.28,True,140.67,2024-05,45-54,Alto,False,False,False,False
654,2025-01-26,,Mensal,129.9,Centro,Funcional,33,1.72,True,4,False,False,False,False,False,Ativo,339,11.14,False,1447.09,2025-01,25-34,Medio-Digital,False,False,False,False
655,2024-02-28,,Anual,89.9,Zona Oeste,Funcional,34,5.16,True,26,False,False,False,False,False,Ativo,672,22.08,False,1984.99,2024-02,25-34,Alto,False,False,False,False
656,2025-05-22,,Mensal,129.9,Centro,Funcional,23,5.28,True,16,False,False,False,False,False,Ativo,223,7.33,False,952.17,2025-05,16-24,Alto,False,False,False,False
657,2024-04-14,2024-08-16,Anual,89.9,Zona Leste,Musculacao,26,1.15,True,4,False,False,False,False,True,Cancelado,124,4.07,False,365.89,2024-04,25-34,Medio-Digital,False,False,False,False
658,2025-10-19,,Mensal,123.4,Zona Leste,Musculacao,31,3.26,True,23,False,False,False,False,False,Ativo,73,2.4,False,296.16,2025-10,25-34,Alto,False,False,False,False
659,2025-09-09,,Trimestral,104.4,Zona Leste,Funcional,47,4.18,False,0,False,False,False,False,False,Ativo,113,3.71,False,387.32,2025-09,45-54,Medio-Presencial,False,False,False,False
660,2025-08-21,2025-11-28,Mensal,129.9,Zona Leste,Crossfit,52,3.26,True,9,False,False,False,False,True,Cancelado,99,3.25,False,422.18,2025-08,45-54,Alto,False,False,False,False
661,2024-09-01,2024-09-24,Mensal,116.91,Zona Leste,Musculacao,37,1.33,False,0,False,False,False,False,True,Cancelado,23,0.76,True,88.85,2024-09,35-44,Baixo,False,False,False,False
662,2025-07-01,,Anual,89.9,Zona Leste,Musculacao,28,5.47,True,17,False,False,False,False,False,Ativo,183,6.01,False,540.3,2025-07,25-34,Alto,False,False,False,False
663,2024-04-04,,Mensal,123.4,Zona Leste,Musculacao,59,1.56,False,0,False,False,False,False,False,Ativo,636,20.89,False,2577.83,2024-04,55+,Baixo,False,False,False,False
664,2024-07-21,,Mensal,129.9,Zona Leste,Spinning,27,3.93,False,0,False,False,False,False,False,Ativo,528,17.35,False,2253.77,2024-07,25-34,Medio-Presencial,False,False,False,False
665,2024-04-02,2024-07-16,Mensal,129.9,Centro,Musculacao,26,1.6,True,5,False,False,False,False,True,Cancelado,105,3.45,False,448.16,2024-04,25-34,Medio-Digital,False,False,False,False
666,2024-02-07,,Trimestral,109.9,Zona Leste,Musculacao,25,3.33,True,10,False,False,False,False,False,Ativo,693,22.77,False,2502.42,2024-02,25-34,Alto,False,False,False,False
667,2024-09-13,,Trimestral,109.9,Centro,Funcional,47,5.06,True,15,False,False,False,False,False,Ativo,474,15.57,False,1711.14,2024-09,45-54,Alto,False,False,False,False
668,2025-02-06,,Anual,89.9,Zona Leste,Musculacao,43,2.9,True,6,False,False,False,False,False,Ativo,328,10.78,False,969.12,2025-02,35-44,Medio-Digital,False,False,False,False
669,2025-08-26,,Mensal,129.9,Zona Leste,Musculacao,59,6.15,True,18,False,False,False,False,False,Ativo,127,4.17,False,541.68,2025-08,55+,Alto,False,False,False,False
670,2024-01-25,2024-09-06,Mensal,129.9,Zona Oeste,Musculacao,17,4.1,True,16,False,False,False,False,True,Cancelado,225,7.39,False,959.96,2024-01,16-24,Alto,False,False,False,False
671,2024-10-11,2024-11-19,Mensal,129.9,Zona Leste,Crossfit,48,1.72,False,0,False,False,False,False,True,Cancelado,39,1.28,True,166.27,2024-10,45-54,Baixo,False,False,False,False
672,2025-05-14,,Trimestral,109.9,Zona Leste,Spinning,33,1.65,True,6,False,False,False,False,False,Ativo,231,7.59,False,834.14,2025-05,25-34,Medio-Digital,False,False,False,False
673,2024-05-21,,Anual,80.91,Zona Oeste,Musculacao,41,2.54,True,9,False,False,False,False,False,Ativo,589,19.35,False,1565.61,2024-05,35-44,Medio-Digital,False,False,False,False
674,2025-05-30,,Trimestral,109.9,Zona Leste,Musculacao,38,3.25,True,15,False,False,False,False,False,Ativo,215,7.06,False,775.89,2025-05,35-44,Alto,False,False,False,False
675,2025-02-03,,Trimestral,343.02,Zona Leste,Funcional,48,6.69,True,19,False,True,False,True,False,Ativo,331,10.87,False,3728.63,2025-02,45-54,Alto,True,False,True,True
676,2025-01-29,,Mensal,129.9,Zona Oeste,Crossfit,41,7.0,True,24,False,False,False,False,False,Ativo,336,11.04,False,1434.1,2025-01,35-44,Alto,False,False,False,False
677,2024-03-28,2024-07-20,Anual,89.9,Zona Leste,Musculacao,32,2.86,False,0,False,False,False,False,True,Cancelado,114,3.75,False,337.12,2024-03,25-34,Baixo,False,False,False,False
678,2024-04-27,,Mensal,129.9,Centro,Musculacao,33,2.27,False,0,False,False,False,False,False,Ativo,613,20.14,False,2616.19,2024-04,25-34,Baixo,False,False,False,False
679,2025-09-06,,Mensal,129.9,Zona Leste,Musculacao,24,4.44,True,22,False,False,False,False,False,Ativo,116,3.81,False,494.92,2025-09,16-24,Alto,False,False,False,False
680,2025-09-05,,Mensal,129.9,Centro,Funcional,26,4.42,True,16,False,False,False,False,False,Ativo,117,3.84,False,498.82,2025-09,25-34,Alto,False,False,False,False
681,2024-11-12,,Mensal,123.4,Centro,Crossfit,27,5.67,True,28,False,False,False,False,False,Ativo,414,13.6,False,1678.24,2024-11,25-34,Alto,False,False,False,False
682,2025-02-21,,Mensal,129.9,Centro,Spinning,35,5.75,True,18,False,False,False,False,False,Ativo,313,10.28,False,1335.37,2025-02,35-44,Alto,False,False,False,False
683,2025-01-14,2025-03-02,Mensal,123.4,Centro,Musculacao,41,1.91,True,7,False,False,False,False,True,Cancelado,47,1.54,True,190.04,2025-01,35-44,Medio-Digital,False,False,False,False
684,2024-12-26,2025-02-17,Mensal,129.9,Zona Leste,Yoga,45,1.23,False,0,False,False,False,False,True,Cancelado,53,1.74,True,226.03,2024-12,45-54,Baixo,False,False,False,False
685,2025-05-13,,Trimestral,109.9,Zona Oeste,Funcional,24,4.38,True,21,False,False,False,False,False,Ativo,232,7.62,False,837.44,2025-05,16-24,Alto,False,False,False,False
686,2025-02-01,,Mensal,129.9,Zona Leste,Musculacao,36,3.44,True,8,False,False,False,False,False,Ativo,333,10.94,False,1421.11,2025-02,35-44,Alto,False,False,False,False
687,2024-03-28,2024-06-15,Mensal,116.91,Centro,Musculacao,29,0.87,True,4,False,False,False,False,True,Cancelado,79,2.6,False,303.97,2024-03,25-34,Medio-Digital,False,False,False,False
688,2024-02-28,,Anual,89.9,Zona Oeste,Musculacao,36,3.26,True,5,False,False,False,False,False,Ativo,672,22.08,False,1984.99,2024-02,35-44,Alto,False,False,False,False
689,2025-08-18,,Trimestral,109.9,Zona Leste,Yoga,25,4.28,True,12,False,False,False,False,False,Ativo,135,4.43,False,486.86,2025-08,25-34,Alto,False,False,False,False
690,2025-06-02,2025-07-10,Mensal,129.9,Centro,Funcional,22,2.87,False,0,False,False,False,False,True,Cancelado,38,1.25,True,162.38,2025-06,16-24,Baixo,False,False,False,False
691,2024-05-19,,Mensal,129.9,Zona Leste,Funcional,44,4.08,False,0,False,False,False,False,False,Ativo,591,19.42,False,2522.66,2024-05,35-44,Medio-Presencial,False,False,False,False
692,2024-02-12,,Anual,80.91,Zona Oeste,Yoga,31,2.2,False,0,False,False,False,False,False,Ativo,688,22.6,False,1828.57,2024-02,25-34,Baixo,False,False,False,False
693,2024-06-02,,Mensal,123.4,Zona Oeste,Musculacao,54,4.22,True,13,False,False,False,False,False,Ativo,577,18.96,False,2339.66,2024-06,45-54,Alto,False,False,False,False
694,2025-02-08,2025-06-27,Mensal,129.9,Zona Leste,Musculacao,33,3.65,True,20,False,False,False,False,True,Cancelado,139,4.57,False,593.64,2025-02,25-34,Alto,False,False,False,False
695,2025-02-12,,Anual,80.91,Zona Oeste,Musculacao,22,4.93,True,12,False,False,False,False,False,Ativo,322,10.58,False,856.03,2025-02,16-24,Alto,False,False,False,False
696,2024-04-28,2024-07-13,Mensal,123.4,Centro,Crossfit,45,2.4,False,0,False,False,False,False,True,Cancelado,76,2.5,False,308.5,2024-04,45-54,Baixo,False,False,False,False
697,2024-05-03,,Trimestral,109.9,Zona Leste,Funcional,39,2.37,True,9,False,False,False,False,False,Ativo,607,19.94,False,2191.41,2024-05,35-44,Medio-Digital,False,False,False,False
698,2024-05-25,2024-06-14,Trimestral,109.9,Zona Oeste,Musculacao,40,1.58,False,0,False,False,False,False,True,Cancelado,20,0.66,True,72.53,2024-05,35-44,Baixo,False,False,False,False
699,2024-11-06,,Trimestral,109.9,Zona Leste,Musculacao,45,2.86,False,0,False,False,False,False,False,Ativo,420,13.8,False,1516.62,2024-11,45-54,Baixo,False,False,False,False
700,2024-06-12,,Mensal,129.9,Zona Oeste,Funcional,25,5.17,True,17,False,False,False,False,False,Ativo,567,18.63,False,2420.04,2024-06,25-34,Alto,False,False,False,False
701,2024-11-15,,Mensal,129.9,Zona Leste,Funcional,31,5.87,True,17,False,False,False,False,False,Ativo,411,13.5,False,1753.65,2024-11,25-34,Alto,False,False,False,False
702,2024-01-11,2024-02-06,Mensal,129.9,Centro,Funcional,30,1.57,False,0,False,False,False,False,True,Cancelado,26,0.85,True,110.42,2024-01,25-34,Baixo,False,False,False,False
703,2025-10-17,2025-12-09,Mensal,303.7,Centro,Musculacao,18,3.0,True,12,False,True,False,True,True,Cancelado,53,1.74,True,528.44,2025-10,16-24,Alto,False,False,False,True
704,2025-09-16,,Anual,80.91,Zona Leste,Crossfit,29,7.0,True,26,False,False,False,False,False,Ativo,106,3.48,False,281.57,2025-09,25-34,Alto,False,False,False,False
705,2024-08-25,,Mensal,129.9,Zona Leste,Yoga,47,6.93,True,21,False,False,False,False,False,Ativo,493,16.2,False,2104.38,2024-08,45-54,Alto,False,False,False,False
706,2025-07-16,,Trimestral,109.9,Zona Oeste,Funcional,35,3.26,True,18,False,False,False,False,False,Ativo,168,5.52,False,606.65,2025-07,35-44,Alto,False,False,False,False
707,2025-01-09,,Trimestral,379.9,Zona Oeste,Funcional,17,5.64,True,27,False,True,False,True,False,Ativo,356,11.7,False,4444.83,2025-01,16-24,Alto,True,False,True,True
708,2024-01-22,,Trimestral,109.9,Zona Leste,Crossfit,26,5.19,True,26,False,False,False,False,False,Ativo,709,23.29,False,2559.57,2024-01,25-34,Alto,False,False,False,False
709,2024-07-18,,Mensal,345.27,Zona Leste,Crossfit,50,4.74,True,21,False,True,False,True,False,Ativo,531,17.44,False,6021.51,2024-07,45-54,Alto,True,False,True,True
710,2024-02-09,,Mensal,129.9,Zona Leste,Funcional,31,1.11,False,0,False,False,False,False,False,Ativo,691,22.7,False,2948.73,2024-02,25-34,Baixo,False,False,False,False
711,2025-05-10,,Anual,89.9,Centro,Spinning,25,2.78,True,8,False,False,False,False,False,Ativo,235,7.72,False,694.03,2025-05,25-34,Medio-Digital,False,False,False,False
712,2025-07-02,,Trimestral,109.9,Zona Oeste,Musculacao,29,3.08,True,68,False,False,True,True,False,Ativo,182,5.98,False,657.2,2025-07,25-34,Alto,False,False,False,True
713,2025-03-08,,Trimestral,109.9,Centro,Yoga,40,3.04,True,12,False,False,False,False,False,Ativo,298,9.79,False,1075.92,2025-03,35-44,Alto,False,False,False,False
714,2024-01-05,,Anual,89.9,Zona Oeste,Funcional,48,3.53,True,6,False,False,False,False,False,Ativo,726,23.85,False,2144.12,2024-01,45-54,Alto,False,False,False,False
715,2024-06-14,,Trimestral,104.4,Centro,Musculacao,28,7.0,True,28,False,False,False,False,False,Ativo,565,18.56,False,1937.66,2024-06,25-34,Alto,False,False,False,False
716,2024-11-24,2025-02-06,Mensal,129.9,Zona Leste,Musculacao,47,2.6,False,0,False,False,False,False,True,Cancelado,74,2.43,False,315.66,2024-11,45-54,Baixo,False,False,False,False
717,2024-04-11,,Trimestral,109.9,Zona Leste,Crossfit,33,3.99,False,0,False,False,False,False,False,Ativo,629,20.66,False,2270.53,2024-04,25-34,Medio-Presencial,False,False,False,False
718,2024-03-16,2024-09-11,Mensal,129.9,Centro,Crossfit,48,3.67,True,15,False,False,False,False,True,Cancelado,179,5.88,False,763.81,2024-03,45-54,Alto,False,False,False,False
719,2024-08-01,,Trimestral,109.9,Centro,Crossfit,33,3.25,True,14,False,False,False,False,False,Ativo,517,16.98,False,1866.1,2024-08,25-34,Alto,False,False,False,False
720,2025-02-18,,Anual,89.9,Zona Leste,Spinning,41,2.18,True,5,False,False,False,False,False,Ativo,316,10.38,False,933.16,2025-02,35-44,Medio-Digital,False,False,False,False
721,2024-03-02,,Mensal,129.9,Zona Leste,Yoga,40,3.21,False,0,False,False,False,False,False,Ativo,669,21.98,False,2855.2,2024-03,35-44,Medio-Presencial,False,False,False,False
722,2025-11-29,,Mensal,129.9,Zona Oeste,Yoga,33,0.86,True,2,False,False,False,False,False,Ativo,32,1.05,False,136.4,2025-11,25-34,Medio-Digital,False,False,False,False
723,2024-11-17,,Mensal,129.9,Zona Leste,Musculacao,36,3.93,True,13,False,False,False,False,False,Ativo,409,13.44,False,1745.86,2024-11,35-44,Alto,False,False,False,False
724,2024-04-30,2025-01-18,Anual,89.9,Zona Leste,Musculacao,29,1.31,False,0,False,False,False,False,True,Cancelado,263,8.64,False,776.74,2024-04,25-34,Baixo,False,False,False,False
725,2024-01-15,,Mensal,129.9,Centro,Crossfit,53,3.75,True,57,False,False,True,True,False,Ativo,716,23.52,False,3055.25,2024-01,45-54,Alto,False,False,False,True
726,2025-10-31,,Mensal,129.9,Zona Leste,Musculacao,22,2.17,True,62,False,False,True,True,False,Ativo,61,2.0,False,259.8,2025-10,16-24,Medio-Digital,False,False,False,True
727,2025-02-20,,Mensal,129.9,Zona Oeste,Funcional,32,1.76,True,8,False,False,False,False,False,Ativo,314,10.32,False,1340.57,2025-02,25-34,Medio-Digital,False,False,False,False
728,2025-08-28,,Mensal,129.9,Zona Leste,Musculacao,32,4.48,True,15,False,False,False,False,False,Ativo,125,4.11,False,533.89,2025-08,25-34,Alto,False,False,False,False
729,2025-06-27,2025-10-20,Mensal,129.9,Zona Leste,Funcional,36,2.44,False,0,False,False,False,False,True,Cancelado,115,3.78,False,491.02,2025-06,35-44,Baixo,False,False,False,False
730,2025-11-21,,Mensal,129.9,Zona Oeste,Musculacao,27,3.13,True,15,False,False,False,False,False,Ativo,40,1.31,False,170.17,2025-11,25-34,Alto,False,False,False,False
731,2025-09-14,,Mensal,129.9,Zona Leste,Funcional,33,1.14,True,6,False,False,False,False,False,Ativo,108,3.55,False,461.14,2025-09,25-34,Medio-Digital,False,False,False,False
732,2025-06-20,,Mensal,129.9,Zona Oeste,Musculacao,30,3.26,True,19,False,False,False,False,False,Ativo,194,6.37,False,827.46,2025-06,25-34,Alto,False,False,False,False
733,2025-08-18,,Mensal,129.9,Zona Leste,Yoga,36,3.29,True,13,False,False,False,False,False,Ativo,135,4.43,False,575.46,2025-08,35-44,Alto,False,False,False,False
734,2025-08-22,,Mensal,129.9,Centro,Musculacao,32,3.28,True,0,False,False,False,False,False,Ativo,131,4.3,False,558.57,2025-08,25-34,Alto,False,False,False,False
735,2024-06-27,,Mensal,129.9,Zona Oeste,Funcional,33,5.48,True,22,False,False,False,False,False,Ativo,552,18.13,False,2355.09,2024-06,25-34,Alto,False,False,False,False
736,2025-02-20,,Trimestral,109.9,Centro,Yoga,34,4.22,True,19,False,False,False,False,False,Ativo,314,10.32,False,1134.17,2025-02,25-34,Alto,False,False,False,False
737,2025-11-21,,Mensal,123.4,Zona Leste,Musculacao,34,0.54,False,0,False,False,False,False,False,Ativo,40,1.31,False,161.65,2025-11,25-34,Baixo,False,False,False,False
738,2025-08-30,,Mensal,116.91,Zona Leste,Musculacao,37,6.39,True,28,False,False,False,False,False,Ativo,123,4.04,False,472.32,2025-08,35-44,Alto,False,False,False,False
739,2024-03-14,,Mensal,116.91,Zona Leste,Yoga,38,2.55,True,6,False,False,False,False,False,Ativo,657,21.58,False,2522.92,2024-03,35-44,Medio-Digital,False,False,False,False
740,2024-03-19,,Mensal,129.9,Zona Oeste,Musculacao,38,6.21,True,26,False,False,False,False,False,Ativo,652,21.42,False,2782.46,2024-03,35-44,Alto,False,False,False,False
741,2024-05-20,2024-08-15,Mensal,129.9,Zona Leste,Musculacao,32,2.5,False,0,False,False,False,False,True,Cancelado,87,2.86,False,371.51,2024-05,25-34,Baixo,False,False,False,False
742,2025-06-03,,Mensal,129.9,Zona Leste,Spinning,17,2.2,True,9,False,False,False,False,False,Ativo,211,6.93,False,900.21,2025-06,16-24,Medio-Digital,False,False,False,False
743,2024-10-02,,Anual,89.9,Zona Leste,Crossfit,54,4.39,True,17,False,False,False,False,False,Ativo,455,14.95,False,1344.0,2024-10,45-54,Alto,False,False,False,False
744,2025-03-16,,Mensal,129.9,Zona Leste,Funcional,20,7.0,True,22,False,False,False,False,False,Ativo,290,9.53,False,1237.95,2025-03,16-24,Alto,False,False,False,False
745,2024-04-07,,Mensal,129.9,Zona Leste,Musculacao,39,5.39,True,21,False,False,False,False,False,Ativo,633,20.8,False,2701.92,2024-04,35-44,Alto,False,False,False,False
746,2024-02-11,,Mensal,129.9,Zona Leste,Crossfit,24,4.05,True,12,False,False,False,False,False,Ativo,689,22.63,False,2939.64,2024-02,16-24,Alto,False,False,False,False
747,2025-06-23,,Mensal,129.9,Zona Leste,Spinning,33,3.81,True,13,False,False,False,False,False,Ativo,191,6.27,False,814.47,2025-06,25-34,Alto,False,False,False,False
748,2024-07-23,,Mensal,129.9,Zona Oeste,Spinning,25,3.2,True,72,False,False,True,True,False,Ativo,526,17.28,False,2244.67,2024-07,25-34,Alto,False,False,False,True
749,2024-01-31,,Trimestral,109.9,Zona Leste,Spinning,38,6.32,True,22,False,False,False,False,False,Ativo,700,23.0,False,2527.7,2024-01,35-44,Alto,False,False,False,False
750,2024-05-31,,Anual,80.91,Zona Leste,Musculacao,34,5.08,True,24,False,False,False,False,False,Ativo,579,19.02,False,1538.91,2024-05,25-34,Alto,False,False,False,False
751,2024-08-14,2024-09-19,Mensal,129.9,Zona Oeste,Musculacao,27,1.31,False,0,False,False,False,False,True,Cancelado,36,1.18,True,153.28,2024-08,25-34,Baixo,False,False,False,False
752,2024-10-10,2025-04-22,Mensal,129.9,Zona Oeste,Funcional,20,1.77,False,0,False,False,False,False,True,Cancelado,194,6.37,False,827.46,2024-10,16-24,Baixo,False,False,False,False
753,2025-09-19,,Mensal,116.91,Zona Leste,Musculacao,35,4.12,False,0,False,False,False,False,False,Ativo,103,3.38,False,395.16,2025-09,35-44,Medio-Presencial,False,False,False,False
754,2024-05-18,,Mensal,129.9,Zona Oeste,Funcional,19,1.59,True,5,False,False,False,False,False,Ativo,592,19.45,False,2526.55,2024-05,16-24,Medio-Digital,False,False,False,False
755,2025-02-26,,Trimestral,109.9,Centro,Musculacao,33,3.53,True,13,False,False,False,False,False,Ativo,308,10.12,False,1112.19,2025-02,25-34,Alto,False,False,False,False
756,2024-07-11,,Mensal,129.9,Zona Oeste,Musculacao,61,4.72,False,0,False,False,False,False,False,Ativo,538,17.67,False,2295.33,2024-07,55+,Medio-Presencial,False,False,False,False
757,2024-12-14,,Mensal,129.9,Centro,Musculacao,47,3.85,True,13,False,False,False,False,False,Ativo,382,12.55,False,1630.24,2024-12,45-54,Alto,False,False,False,False
758,2024-07-26,,Anual,89.9,Centro,Funcional,40,2.0,False,0,False,False,False,False,False,Ativo,523,17.18,False,1544.48,2024-07,35-44,Baixo,False,False,False,False
759,2024-08-29,,Mensal,123.4,Zona Leste,Funcional,31,1.82,False,0,False,False,False,False,False,Ativo,489,16.06,False,1981.8,2024-08,25-34,Baixo,False,False,False,False
760,2025-02-23,2025-04-06,Mensal,123.4,Zona Leste,Musculacao,37,3.91,True,19,False,False,False,False,True,Cancelado,42,1.38,True,170.29,2025-02,35-44,Alto,False,False,False,False
761,2025-02-16,,Trimestral,104.4,Zona Oeste,Musculacao,17,7.0,True,0,False,False,False,False,False,Ativo,318,10.45,False,1090.98,2025-02,16-24,Alto,False,False,False,False
762,2024-04-04,,Mensal,116.91,Centro,Musculacao,46,2.93,False,0,False,False,False,False,False,Ativo,636,20.89,False,2442.25,2024-04,45-54,Baixo,False,False,False,False
763,2024-04-19,,Mensal,129.9,Zona Oeste,Yoga,23,4.81,True,16,False,False,False,False,False,Ativo,621,20.4,False,2649.96,2024-04,16-24,Alto,False,False,False,False
764,2024-06-17,2024-11-08,Mensal,123.4,Zona Leste,Musculacao,33,3.87,False,0,False,False,False,False,True,Cancelado,144,4.73,False,583.68,2024-06,25-34,Medio-Presencial,False,False,False,False
765,2025-09-21,,Anual,89.9,Zona Oeste,Yoga,30,2.7,True,10,False,False,False,False,False,Ativo,101,3.32,False,298.47,2025-09,25-34,Medio-Digital,False,False,False,False
766,2024-08-10,,Mensal,129.9,Zona Leste,Musculacao,20,4.83,True,0,False,False,False,False,False,Ativo,508,16.69,False,2168.03,2024-08,16-24,Alto,False,False,False,False
767,2025-02-08,2025-06-28,Mensal,123.4,Zona Oeste,Musculacao,19,1.11,False,0,False,False,False,False,True,Cancelado,140,4.6,False,567.64,2025-02,16-24,Baixo,False,False,False,False
768,2024-11-10,2025-03-02,Mensal,123.4,Zona Oeste,Funcional,31,4.66,True,18,False,False,False,False,True,Cancelado,112,3.68,False,454.11,2024-11,25-34,Alto,False,False,False,False
769,2024-09-04,,Mensal,123.4,Zona Oeste,Spinning,22,3.99,True,10,False,False,False,False,False,Ativo,483,15.87,False,1958.36,2024-09,16-24,Alto,False,False,False,False
770,2024-01-27,,Trimestral,109.9,Centro,Musculacao,24,2.52,False,0,False,False,False,False,False,Ativo,704,23.13,False,2541.99,2024-01,16-24,Baixo,False,False,False,False
771,2024-11-04,2025-03-01,Mensal,129.9,Zona Oeste,Crossfit,23,1.67,False,0,False,False,False,False,True,Cancelado,117,3.84,False,498.82,2024-11,16-24,Baixo,False,False,False,False
772,2025-11-30,,Trimestral,109.9,Zona Oeste,Musculacao,38,2.63,False,0,False,False,False,False,False,Ativo,31,1.02,False,112.1,2025-11,35-44,Baixo,False,False,False,False
773,2025-10-20,,Trimestral,109.9,Zona Oeste,Musculacao,29,2.31,False,0,False,False,False,False,False,Ativo,72,2.37,False,260.46,2025-10,25-34,Baixo,False,False,False,False
774,2024-07-29,,Anual,85.4,Centro,Musculacao,30,3.23,True,9,False,False,False,False,False,Ativo,520,17.08,False,1458.63,2024-07,25-34,Alto,False,False,False,False
775,2025-01-08,,Mensal,123.4,Centro,Spinning,39,2.52,True,13,False,False,False,False,False,Ativo,357,11.73,False,1447.48,2025-01,35-44,Medio-Digital,False,False,False,False
776,2024-07-20,,Anual,89.9,Zona Leste,Yoga,30,3.26,True,15,False,False,False,False,False,Ativo,529,17.38,False,1562.46,2024-07,25-34,Alto,False,False,False,False
777,2025-10-07,,Trimestral,353.47,Zona Oeste,Musculacao,29,1.33,True,49,False,True,True,True,False,Ativo,85,2.79,False,986.18,2025-10,25-34,Medio-Digital,False,False,False,True
778,2025-01-23,,Mensal,129.9,Zona Leste,Crossfit,37,1.54,True,6,False,False,False,False,False,Ativo,342,11.24,False,1460.08,2025-01,35-44,Medio-Digital,False,False,False,False
779,2025-10-06,,Trimestral,109.9,Centro,Funcional,39,5.47,True,30,False,False,False,False,False,Ativo,86,2.83,False,311.02,2025-10,35-44,Alto,False,False,False,False
780,2025-08-20,,Anual,89.9,Zona Oeste,Crossfit,30,2.86,False,0,False,False,False,False,False,Ativo,133,4.37,False,392.86,2025-08,25-34,Baixo,False,False,False,False
781,2024-08-17,,Mensal,123.4,Zona Leste,Yoga,33,2.71,True,8,False,False,False,False,False,Ativo,501,16.46,False,2031.16,2024-08,25-34,Medio-Digital,False,False,False,False
782,2024-11-15,,Anual,89.9,Zona Leste,Crossfit,23,2.99,True,9,False,False,False,False,False,Ativo,411,13.5,False,1213.65,2024-11,16-24,Medio-Digital,False,False,False,False
783,2025-02-02,,Mensal,116.91,Zona Leste,Funcional,23,6.14,True,32,False,False,False,False,False,Ativo,332,10.91,False,1275.49,2025-02,16-24,Alto,False,False,False,False
784,2024-06-23,2024-10-10,Trimestral,109.9,Zona Oeste,Musculacao,40,2.29,False,0,False,False,False,False,True,Cancelado,109,3.58,False,393.44,2024-06,35-44,Baixo,False,False,False,False
785,2025-08-05,,Anual,85.4,Zona Leste,Spinning,37,2.5,True,10,False,False,False,False,False,Ativo,148,4.86,False,415.04,2025-08,35-44,Medio-Digital,False,False,False,False
786,2025-01-31,,Mensal,129.9,Zona Leste,Funcional,37,4.03,False,0,False,False,False,False,False,Ativo,334,10.97,False,1425.0,2025-01,35-44,Medio-Presencial,False,False,False,False
787,2024-05-25,2025-02-11,Trimestral,109.9,Centro,Spinning,35,3.66,False,0,False,False,False,False,True,Cancelado,262,8.61,False,946.24,2024-05,35-44,Medio-Presencial,False,False,False,False
788,2024-12-04,2025-04-10,Mensal,129.9,Zona Oeste,Funcional,33,4.09,True,16,False,False,False,False,True,Cancelado,127,4.17,False,541.68,2024-12,25-34,Alto,False,False,False,False
789,2025-07-29,,Trimestral,109.9,Zona Leste,Musculacao,40,4.21,True,17,False,False,False,False,False,Ativo,155,5.09,False,559.39,2025-07,35-44,Alto,False,False,False,False
790,2024-10-23,,Trimestral,104.4,Zona Leste,Yoga,42,5.15,True,52,False,False,True,True,False,Ativo,434,14.26,False,1488.74,2024-10,35-44,Alto,False,False,False,True
791,2025-05-12,2025-10-13,Mensal,129.9,Centro,Musculacao,42,1.42,False,0,False,False,False,False,True,Cancelado,154,5.06,False,657.29,2025-05,35-44,Baixo,False,False,False,False
792,2025-11-19,,Mensal,129.9,Zona Oeste,Crossfit,31,3.84,True,20,False,False,False,False,False,Ativo,42,1.38,False,179.26,2025-11,25-34,Alto,False,False,False,False
793,2024-08-22,2024-10-25,Mensal,129.9,Zona Oeste,Musculacao,47,1.96,False,0,False,False,False,False,True,Cancelado,64,2.1,False,272.79,2024-08,45-54,Baixo,False,False,False,False
794,2025-11-28,,Mensal,129.9,Zona Leste,Musculacao,35,0.88,False,0,False,False,False,False,False,Ativo,33,1.08,False,140.29,2025-11,35-44,Baixo,False,False,False,False
795,2024-10-17,,Mensal,129.9,Zona Leste,Yoga,39,3.95,True,12,False,False,False,False,False,Ativo,440,14.45,False,1877.06,2024-10,35-44,Alto,False,False,False,False
796,2025-01-28,,Mensal,129.9,Zona Leste,Yoga,35,3.83,True,17,False,False,False,False,False,Ativo,337,11.07,False,1437.99,2025-01,35-44,Alto,False,False,False,False
797,2025-06-25,2025-08-03,Mensal,129.9,Zona Oeste,Funcional,35,3.06,False,0,False,False,False,False,True,Cancelado,39,1.28,True,166.27,2025-06,35-44,Medio-Presencial,False,False,False,False
798,2024-02-17,,Mensal,129.9,Zona Leste,Crossfit,24,4.94,False,0,False,False,False,False,False,Ativo,683,22.44,False,2914.96,2024-02,16-24,Medio-Presencial,False,False,False,False
799,2025-05-06,,Trimestral,104.4,Zona Leste,Musculacao,40,2.22,False,0,False,False,False,False,False,Ativo,239,7.85,False,819.54,2025-05,35-44,Baixo,False,False,False,False
800,2025-01-31,,Trimestral,104.4,Zona Oeste,Yoga,63,4.52,True,8,False,False,False,False,False,Ativo,334,10.97,False,1145.27,2025-01,55+,Alto,False,False,False,False
801,2025-04-03,,Trimestral,109.9,Centro,Musculacao,28,3.09,True,0,False,False,False,False,False,Ativo,272,8.94,False,982.51,2025-04,25-34,Alto,False,False,False,False
802,2025-10-28,,Mensal,129.9,Zona Oeste,Spinning,33,2.95,True,13,False,False,False,False,False,Ativo,64,2.1,False,272.79,2025-10,25-34,Medio-Digital,False,False,False,False
803,2024-12-05,2025-03-09,Anual,85.4,Zona Oeste,Spinning,27,1.52,True,6,False,False,False,False,True,Cancelado,94,3.09,False,263.89,2024-12,25-34,Medio-Digital,False,False,False,False
804,2025-10-09,,Trimestral,109.9,Zona Oeste,Musculacao,33,5.21,True,15,False,False,False,False,False,Ativo,83,2.73,False,300.03,2025-10,25-34,Alto,False,False,False,False
805,2025-02-01,2025-05-17,Mensal,116.91,Zona Leste,Funcional,49,3.26,False,0,False,False,False,False,True,Cancelado,105,3.45,False,403.34,2025-02,45-54,Medio-Presencial,False,False,False,False
806,2024-05-30,,Mensal,129.9,Zona Leste,Funcional,25,4.19,True,16,False,False,False,False,False,Ativo,580,19.05,False,2474.6,2024-05,25-34,Alto,False,False,False,False
807,2025-04-01,2025-06-10,Trimestral,109.9,Zona Oeste,Musculacao,27,2.07,True,8,False,False,False,False,True,Cancelado,70,2.3,False,252.77,2025-04,25-34,Medio-Digital,False,False,False,False
808,2024-05-13,,Mensal,129.9,Zona Leste,Crossfit,35,3.54,True,16,False,False,False,False,False,Ativo,597,19.61,False,2547.34,2024-05,35-44,Alto,False,False,False,False
809,2025-09-21,2025-11-27,Mensal,129.9,Zona Oeste,Spinning,24,2.83,True,12,False,False,False,False,True,Cancelado,67,2.2,False,285.78,2025-09,16-24,Medio-Digital,False,False,False,False
810,2024-04-16,,Anual,89.9,Centro,Musculacao,33,4.41,True,12,False,False,False,False,False,Ativo,624,20.5,False,1842.95,2024-04,25-34,Alto,False,False,False,False
811,2024-12-15,,Mensal,129.9,Centro,Funcional,39,3.46,False,0,False,False,False,False,False,Ativo,381,12.52,False,1626.35,2024-12,35-44,Medio-Presencial,False,False,False,False
812,2025-07-27,,Mensal,129.9,Zona Leste,Musculacao,63,6.73,True,25,False,False,False,False,False,Ativo,157,5.16,False,670.28,2025-07,55+,Alto,False,False,False,False
813,2024-01-07,,Anual,85.4,Zona Leste,Musculacao,28,6.25,True,20,False,False,False,False,False,Ativo,724,23.78,False,2030.81,2024-01,25-34,Alto,False,False,False,False
814,2024-12-09,,Trimestral,109.9,Zona Leste,Musculacao,25,2.91,True,13,False,False,False,False,False,Ativo,387,12.71,False,1396.83,2024-12,25-34,Medio-Digital,False,False,False,False
815,2024-12-20,2025-02-01,Mensal,129.9,Zona Leste,Musculacao,42,3.26,True,14,False,False,False,False,True,Cancelado,43,1.41,True,183.16,2024-12,35-44,Alto,False,False,False,False
816,2024-08-24,2024-11-07,Anual,89.9,Zona Leste,Musculacao,24,3.1,False,0,False,False,False,False,True,Cancelado,75,2.46,False,221.15,2024-08,16-24,Medio-Presencial,False,False,False,False
817,2025-04-16,,Anual,89.9,Zona Leste,Funcional,46,5.42,True,21,False,False,False,False,False,Ativo,259,8.51,False,765.05,2025-04,45-54,Alto,False,False,False,False
818,2024-08-15,,Mensal,332.71,Zona Oeste,Musculacao,29,2.9,True,6,False,True,False,True,False,Ativo,503,16.52,False,5496.37,2024-08,25-34,Medio-Digital,True,False,True,True
819,2024-09-19,,Trimestral,109.9,Zona Oeste,Yoga,25,2.61,True,8,False,False,False,False,False,Ativo,468,15.37,False,1689.16,2024-09,25-34,Medio-Digital,False,False,False,False
820,2024-07-11,,Mensal,129.9,Centro,Yoga,30,3.51,True,10,False,False,False,False,False,Ativo,538,17.67,False,2295.33,2024-07,25-34,Alto,False,False,False,False
821,2025-03-13,,Mensal,129.9,Zona Leste,Musculacao,40,5.48,True,21,False,False,False,False,False,Ativo,293,9.63,False,1250.94,2025-03,35-44,Alto,False,False,False,False
822,2025-09-09,,Trimestral,109.9,Zona Leste,Spinning,29,5.31,True,17,False,False,False,False,False,Ativo,113,3.71,False,407.73,2025-09,25-34,Alto,False,False,False,False
823,2024-05-04,2024-12-10,Mensal,129.9,Zona Leste,Musculacao,27,2.44,True,15,False,False,False,False,True,Cancelado,220,7.23,False,939.18,2024-05,25-34,Medio-Digital,False,False,False,False
824,2024-10-13,,Trimestral,104.4,Zona Leste,Funcional,30,6.68,True,35,False,False,False,False,False,Ativo,444,14.59,False,1523.2,2024-10,25-34,Alto,False,False,False,False
825,2024-06-07,,Anual,89.9,Zona Leste,Musculacao,18,2.43,True,4,False,False,False,False,False,Ativo,572,18.79,False,1689.22,2024-06,16-24,Medio-Digital,False,False,False,False
826,2024-06-19,2024-10-26,Mensal,129.9,Centro,Crossfit,36,2.21,False,0,False,False,False,False,True,Cancelado,129,4.24,False,550.78,2024-06,35-44,Baixo,False,False,False,False
827,2025-11-11,,Trimestral,98.91,Zona Leste,Musculacao,51,5.02,False,0,False,False,False,False,False,Ativo,50,1.64,False,162.21,2025-11,45-54,Medio-Presencial,False,False,False,False
828,2025-05-12,2025-08-23,Mensal,129.9,Zona Leste,Funcional,27,0.89,True,6,False,False,False,False,True,Cancelado,103,3.38,False,439.06,2025-05,25-34,Medio-Digital,False,False,False,False
829,2025-10-23,,Anual,89.9,Zona Oeste,Musculacao,40,3.68,True,15,False,False,False,False,False,Ativo,69,2.27,False,204.07,2025-10,35-44,Alto,False,False,False,False
830,2025-03-20,,Mensal,123.4,Zona Oeste,Musculacao,35,2.66,True,7,False,False,False,False,False,Ativo,286,9.4,False,1159.96,2025-03,35-44,Medio-Digital,False,False,False,False
831,2025-04-11,,Trimestral,109.9,Zona Oeste,Spinning,38,6.87,True,28,False,False,False,False,False,Ativo,264,8.67,False,952.83,2025-04,35-44,Alto,False,False,False,False
832,2025-05-15,2025-10-03,Trimestral,104.4,Zona Leste,Funcional,31,1.94,True,9,False,False,False,False,True,Cancelado,141,4.63,False,483.37,2025-05,25-34,Medio-Digital,False,False,False,False
833,2025-04-02,,Mensal,129.9,Centro,Crossfit,45,1.8,False,0,False,False,False,False,False,Ativo,273,8.97,False,1165.2,2025-04,45-54,Baixo,False,False,False,False
836,2024-03-11,,Trimestral,109.9,Zona Oeste,Musculacao,42,5.63,True,16,False,False,False,False,False,Ativo,660,21.68,False,2382.63,2024-03,35-44,Alto,False,False,False,False
837,2024-12-08,,Trimestral,104.4,Centro,Musculacao,33,2.7,False,0,False,False,False,False,False,Ativo,388,12.75,False,1331.1,2024-12,25-34,Baixo,False,False,False,False
838,2024-01-02,,Anual,89.9,Zona Leste,Crossfit,27,2.71,True,11,False,False,False,False,False,Ativo,729,23.95,False,2153.1,2024-01,25-34,Medio-Digital,False,False,False,False
839,2024-02-03,,Mensal,129.9,Zona Oeste,Crossfit,17,5.51,True,13,False,False,False,False,False,Ativo,697,22.9,False,2974.71,2024-02,16-24,Alto,False,False,False,False
840,2024-02-05,,Mensal,129.9,Zona Leste,Crossfit,37,7.0,False,0,False,False,False,False,False,Ativo,695,22.83,False,2965.62,2024-02,35-44,Medio-Presencial,False,False,False,False
841,2024-02-24,,Mensal,129.9,Zona Leste,Musculacao,38,5.72,True,17,False,False,False,False,False,Ativo,676,22.21,False,2885.08,2024-02,35-44,Alto,False,False,False,False
842,2025-05-09,2025-12-03,Trimestral,109.9,Zona Leste,Spinning,44,2.62,False,0,False,False,False,False,True,Cancelado,208,6.83,False,750.62,2025-05,35-44,Baixo,False,False,False,False
843,2025-02-22,,Mensal,129.9,Zona Oeste,Funcional,22,3.06,True,5,False,False,False,False,False,Ativo,312,10.25,False,1331.48,2025-02,16-24,Alto,False,False,False,False
844,2025-10-16,,Mensal,129.9,Zona Leste,Musculacao,22,1.85,True,7,False,False,False,False,False,Ativo,76,2.5,False,324.75,2025-10,16-24,Medio-Digital,False,False,False,False
845,2024-07-21,2024-09-16,Mensal,129.9,Zona Oeste,Funcional,37,2.02,True,10,False,False,False,False,True,Cancelado,57,1.87,True,242.91,2024-07,35-44,Medio-Digital,False,False,False,False
846,2024-08-19,,Anual,85.4,Zona Leste,Musculacao,31,2.52,True,9,False,False,False,False,False,Ativo,499,16.39,False,1399.71,2024-08,25-34,Medio-Digital,False,False,False,False
847,2024-12-09,,Mensal,129.9,Centro,Musculacao,20,2.48,True,9,False,False,False,False,False,Ativo,387,12.71,False,1651.03,2024-12,16-24,Medio-Digital,False,False,False,False
848,2025-06-30,,Trimestral,104.4,Centro,Crossfit,36,3.57,True,11,False,False,False,False,False,Ativo,184,6.04,False,630.58,2025-06,35-44,Alto,False,False,False,False
849,2025-10-13,,Mensal,123.4,Zona Leste,Musculacao,33,3.13,False,0,False,False,False,False,False,Ativo,79,2.6,False,320.84,2025-10,25-34,Medio-Presencial,False,False,False,False
850,2025-05-25,,Anual,85.4,Zona Leste,Crossfit,22,4.98,True,0,False,False,False,False,False,Ativo,220,7.23,False,617.44,2025-05,16-24,Alto,False,False,False,False
851,2024-12-20,,Mensal,129.9,Zona Leste,Musculacao,47,3.41,False,0,False,False,False,False,False,Ativo,376,12.35,False,1604.26,2024-12,45-54,Medio-Presencial,False,False,False,False
852,2025-11-15,,Mensal,123.4,Centro,Musculacao,52,4.23,False,0,False,False,False,False,False,Ativo,46,1.51,False,186.33,2025-11,45-54,Medio-Presencial,False,False,False,False
853,2024-05-06,2024-10-16,Anual,85.4,Zona Leste,Musculacao,19,5.11,True,19,False,False,False,False,True,Cancelado,163,5.35,False,456.89,2024-05,16-24,Alto,False,False,False,False
854,2024-11-25,,Anual,85.4,Zona Oeste,Musculacao,28,2.94,True,14,False,False,False,False,False,Ativo,401,13.17,False,1124.72,2024-11,25-34,Medio-Digital,False,False,False,False
855,2024-06-21,,Mensal,123.4,Zona Leste,Spinning,32,2.86,True,15,False,False,False,False,False,Ativo,558,18.33,False,2261.92,2024-06,25-34,Medio-Digital,False,False,False,False
856,2024-04-26,,Mensal,129.9,Centro,Musculacao,52,7.0,True,33,False,False,False,False,False,Ativo,614,20.17,False,2620.08,2024-04,45-54,Alto,False,False,False,False
857,2024-10-04,2025-04-03,Trimestral,109.9,Zona Oeste,Funcional,27,2.53,True,12,False,False,False,False,True,Cancelado,181,5.95,False,653.91,2024-10,25-34,Medio-Digital,False,False,False,False
858,2025-06-19,,Anual,85.4,Zona Oeste,Crossfit,27,4.9,True,14,False,False,False,False,False,Ativo,195,6.41,False,547.41,2025-06,25-34,Alto,False,False,False,False
859,2024-08-11,2024-12-30,Mensal,129.9,Centro,Musculacao,49,1.48,False,0,False,False,False,False,True,Cancelado,141,4.63,False,601.44,2024-08,45-54,Baixo,False,False,False,False
860,2025-07-27,,Mensal,123.4,Zona Leste,Musculacao,28,3.26,True,19,False,False,False,False,False,Ativo,157,5.16,False,636.74,2025-07,25-34,Alto,False,False,False,False
861,2025-03-03,,Trimestral,109.9,Centro,Spinning,40,2.33,True,4,False,False,False,False,False,Ativo,303,9.95,False,1093.5,2025-03,35-44,Medio-Digital,False,False,False,False
862,2025-05-10,,Trimestral,109.9,Zona Leste,Yoga,28,3.44,False,0,False,False,False,False,False,Ativo,235,7.72,False,848.43,2025-05,25-34,Medio-Presencial,False,False,False,False
863,2024-06-19,,Trimestral,109.9,Zona Oeste,Funcional,30,1.59,True,8,False,False,False,False,False,Ativo,560,18.4,False,2022.16,2024-06,25-34,Medio-Digital,False,False,False,False
864,2025-08-27,,Trimestral,109.9,Centro,Musculacao,51,3.27,True,13,False,False,False,False,False,Ativo,126,4.14,False,454.99,2025-08,45-54,Alto,False,False,False,False
865,2024-05-22,,Mensal,116.91,Zona Oeste,Spinning,20,3.05,True,6,False,False,False,False,False,Ativo,588,19.32,False,2258.7,2024-05,16-24,Alto,False,False,False,False
866,2024-09-16,2025-04-08,Anual,89.9,Zona Oeste,Spinning,41,3.36,True,19,False,False,False,False,True,Cancelado,204,6.7,False,602.33,2024-09,35-44,Alto,False,False,False,False
867,2025-07-02,,Anual,89.9,Zona Leste,Musculacao,31,4.43,True,20,False,False,False,False,False,Ativo,182,5.98,False,537.6,2025-07,25-34,Alto,False,False,False,False
868,2025-04-28,,Trimestral,109.9,Zona Leste,Musculacao,28,5.53,True,19,False,False,False,False,False,Ativo,247,8.11,False,891.29,2025-04,25-34,Alto,False,False,False,False
869,2024-07-28,,Mensal,116.91,Zona Leste,Crossfit,24,1.8,True,5,False,False,False,False,False,Ativo,521,17.12,False,2001.5,2024-07,16-24,Medio-Digital,False,False,False,False
870,2024-07-03,2024-09-18,Mensal,129.9,Zona Oeste,Musculacao,30,3.26,True,8,False,False,False,False,True,Cancelado,77,2.53,False,328.65,2024-07,25-34,Alto,False,False,False,False
871,2024-10-30,,Trimestral,109.9,Zona Oeste,Musculacao,35,3.26,True,6,False,False,False,False,False,Ativo,427,14.03,False,1541.9,2024-10,35-44,Alto,False,False,False,False
872,2024-11-08,2025-02-20,Mensal,129.9,Zona Leste,Musculacao,43,1.03,False,0,False,False,False,False,True,Cancelado,104,3.42,False,444.26,2024-11,35-44,Baixo,False,False,False,False
873,2024-02-11,,Anual,89.9,Zona Leste,Funcional,22,3.26,True,19,False,False,False,False,False,Ativo,689,22.63,False,2034.44,2024-02,16-24,Alto,False,False,False,False
874,2024-06-18,,Mensal,116.91,Zona Leste,Spinning,23,1.72,True,12,False,False,False,False,False,Ativo,561,18.43,False,2154.65,2024-06,16-24,Medio-Digital,False,False,False,False
875,2024-04-18,,Trimestral,98.91,Zona Leste,Musculacao,34,3.36,True,10,False,False,False,False,False,Ativo,622,20.43,False,2020.73,2024-04,25-34,Alto,False,False,False,False
876,2024-04-18,,Anual,89.9,Zona Leste,Spinning,31,4.0,True,16,False,False,False,False,False,Ativo,622,20.43,False,1836.66,2024-04,25-34,Alto,False,False,False,False
877,2024-09-04,2024-12-12,Mensal,129.9,Centro,Funcional,36,1.14,False,0,False,False,False,False,True,Cancelado,99,3.25,False,422.18,2024-09,35-44,Baixo,False,False,False,False
878,2024-01-26,,Mensal,129.9,Zona Oeste,Musculacao,35,3.72,True,9,False,False,False,False,False,Ativo,705,23.16,False,3008.48,2024-01,35-44,Alto,False,False,False,False
879,2025-04-18,,Trimestral,109.9,Zona Leste,Crossfit,29,5.4,True,16,False,False,False,False,False,Ativo,257,8.44,False,927.56,2025-04,25-34,Alto,False,False,False,False
880,2025-04-14,,Trimestral,109.9,Zona Oeste,Musculacao,26,4.4,False,0,False,False,False,False,False,Ativo,261,8.57,False,941.84,2025-04,25-34,Medio-Presencial,False,False,False,False
881,2024-06-03,,Mensal,129.9,Centro,Musculacao,29,1.82,True,5,False,False,False,False,False,Ativo,576,18.92,False,2457.71,2024-06,25-34,Medio-Digital,False,False,False,False
882,2025-09-04,,Trimestral,109.9,Zona Leste,Crossfit,45,3.26,False,0,False,False,False,False,False,Ativo,118,3.88,False,426.41,2025-09,45-54,Medio-Presencial,False,False,False,False
883,2025-02-19,,Anual,85.4,Zona Leste,Yoga,24,3.74,True,11,False,False,False,False,False,Ativo,315,10.35,False,883.89,2025-02,16-24,Alto,False,False,False,False
884,2024-08-08,,Mensal,129.9,Zona Leste,Musculacao,31,2.87,True,11,False,False,False,False,False,Ativo,510,16.75,False,2175.83,2024-08,25-34,Medio-Digital,False,False,False,False
885,2024-05-15,2024-09-08,Mensal,129.9,Zona Leste,Yoga,34,1.44,False,0,False,False,False,False,True,Cancelado,116,3.81,False,494.92,2024-05,25-34,Baixo,False,False,False,False
886,2024-10-27,2024-11-16,Mensal,129.9,Zona Oeste,Spinning,49,1.98,False,0,False,False,False,False,True,Cancelado,20,0.66,True,85.73,2024-10,45-54,Baixo,False,False,False,False
887,2025-11-03,,Mensal,129.9,Centro,Musculacao,29,3.26,True,8,False,False,False,False,False,Ativo,58,1.91,False,248.11,2025-11,25-34,Alto,False,False,False,False
888,2024-01-03,,Mensal,129.9,Zona Leste,Yoga,43,3.43,True,14,False,False,False,False,False,Ativo,728,23.92,False,3107.21,2024-01,35-44,Alto,False,False,False,False
889,2024-01-15,2024-02-27,Mensal,129.9,Zona Oeste,Yoga,46,2.28,True,6,False,False,False,False,True,Cancelado,43,1.41,True,183.16,2024-01,45-54,Medio-Digital,False,False,False,False
891,2025-10-05,,Mensal,123.4,Zona Oeste,Funcional,30,0.95,False,0,False,False,False,False,False,Ativo,87,2.86,False,352.92,2025-10,25-34,Baixo,False,False,False,False
892,2024-07-15,,Anual,85.4,Zona Oeste,Musculacao,33,2.9,True,0,False,False,False,False,False,Ativo,534,17.54,False,1497.92,2024-07,25-34,Medio-Digital,False,False,False,False
893,2025-06-07,,Mensal,116.91,Zona Leste,Musculacao,29,6.72,True,15,False,False,False,False,False,Ativo,207,6.8,False,794.99,2025-06,25-34,Alto,False,False,False,False
894,2025-02-05,,Mensal,129.9,Zona Leste,Crossfit,41,3.26,True,12,False,False,False,False,False,Ativo,329,10.81,False,1404.22,2025-02,35-44,Alto,False,False,False,False
895,2024-05-19,,Trimestral,109.9,Zona Oeste,Spinning,35,3.63,False,0,False,False,False,False,False,Ativo,591,19.42,False,2134.26,2024-05,35-44,Medio-Presencial,False,False,False,False
896,2025-09-27,,Anual,89.9,Centro,Funcional,35,2.52,False,0,False,False,False,False,False,Ativo,95,3.12,False,280.49,2025-09,35-44,Baixo,False,False,False,False
897,2024-04-24,,Mensal,129.9,Zona Leste,Funcional,20,2.41,False,0,False,False,False,False,False,Ativo,616,20.24,False,2629.18,2024-04,16-24,Baixo,False,False,False,False
898,2024-12-20,2025-08-21,Mensal,116.91,Zona Leste,Funcional,21,0.91,False,0,False,False,False,False,True,Cancelado,244,8.02,False,937.62,2024-12,16-24,Baixo,False,False,False,False
899,2025-04-08,,Mensal,116.91,Zona Leste,Musculacao,56,1.89,True,5,False,False,False,False,False,Ativo,267,8.77,False,1025.3,2025-04,55+,Medio-Digital,False,False,False,False
900,2025-04-17,,Mensal,129.9,Zona Oeste,Crossfit,30,3.64,True,15,False,False,False,False,False,Ativo,258,8.48,False,1101.55,2025-04,25-34,Alto,False,False,False,False
901,2025-08-21,2025-12-12,Mensal,129.9,Zona Oeste,Funcional,23,3.39,True,0,False,False,False,False,True,Cancelado,113,3.71,False,481.93,2025-08,16-24,Alto,False,False,False,False
902,2025-05-08,2025-11-09,Mensal,129.9,Centro,Funcional,48,2.16,False,0,False,False,False,False,True,Cancelado,185,6.08,False,789.79,2025-05,45-54,Baixo,False,False,False,False
903,2025-04-05,,Mensal,129.9,Zona Oeste,Spinning,35,2.87,True,6,False,False,False,False,False,Ativo,270,8.87,False,1152.21,2025-04,35-44,Medio-Digital,False,False,False,False
904,2024-04-16,2024-05-06,Mensal,116.91,Centro,Musculacao,33,3.13,False,0,False,False,False,False,True,Cancelado,20,0.66,True,77.16,2024-04,25-34,Medio-Presencial,False,False,False,False
905,2024-08-02,,Anual,89.9,Centro,Musculacao,30,2.77,True,11,False,False,False,False,False,Ativo,516,16.95,False,1523.8,2024-08,25-34,Medio-Digital,False,False,False,False
906,2024-08-30,,Trimestral,348.88,Zona Leste,Musculacao,28,4.09,True,12,False,True,False,True,False,Ativo,488,16.03,False,5592.55,2024-08,25-34,Alto,True,False,True,True
907,2024-09-16,2024-11-19,Mensal,129.9,Zona Oeste,Musculacao,30,3.36,True,11,False,False,False,False,True,Cancelado,64,2.1,False,272.79,2024-09,25-34,Alto,False,False,False,False
908,2024-03-20,2024-07-18,Mensal,129.9,Zona Leste,Funcional,17,2.46,False,0,False,False,False,False,True,Cancelado,120,3.94,False,511.81,2024-03,16-24,Baixo,False,False,False,False
909,2024-03-07,2024-06-28,Mensal,129.9,Zona Leste,Crossfit,31,1.5,False,0,False,False,False,False,True,Cancelado,113,3.71,False,481.93,2024-03,25-34,Baixo,False,False,False,False
910,2024-11-04,2025-04-27,Mensal,123.4,Centro,Musculacao,35,2.36,True,0,False,False,False,False,True,Cancelado,174,5.72,False,705.85,2024-11,35-44,Medio-Digital,False,False,False,False
911,2025-05-21,2025-08-02,Trimestral,109.9,Zona Oeste,Musculacao,52,2.53,False,0,False,False,False,False,True,Cancelado,73,2.4,False,263.76,2025-05,45-54,Baixo,False,False,False,False
912,2025-09-13,2025-11-09,Anual,89.9,Centro,Funcional,33,2.71,False,0,False,False,False,False,True,Cancelado,57,1.87,True,168.11,2025-09,25-34,Baixo,False,False,False,False
913,2025-10-20,,Anual,89.9,Zona Leste,Musculacao,24,1.72,True,4,False,False,False,False,False,Ativo,72,2.37,False,213.06,2025-10,16-24,Medio-Digital,False,False,False,False
914,2024-12-02,,Anual,89.9,Zona Oeste,Crossfit,31,6.39,True,30,False,False,False,False,False,Ativo,394,12.94,False,1163.31,2024-12,25-34,Alto,False,False,False,False
915,2025-09-20,,Anual,89.9,Zona Oeste,Musculacao,62,6.25,True,17,False,False,False,False,False,Ativo,102,3.35,False,301.17,2025-09,55+,Alto,False,False,False,False
916,2024-11-15,,Anual,89.9,Zona Leste,Musculacao,42,3.37,True,17,False,False,False,False,False,Ativo,411,13.5,False,1213.65,2024-11,35-44,Alto,False,False,False,False
917,2024-11-27,,Mensal,129.9,Zona Leste,Musculacao,23,3.42,True,12,False,False,False,False,False,Ativo,399,13.11,False,1702.99,2024-11,16-24,Alto,False,False,False,False
918,2024-05-26,2024-07-10,Mensal,129.9,Zona Oeste,Musculacao,39,3.81,True,14,False,False,False,False,True,Cancelado,45,1.48,True,192.25,2024-05,35-44,Alto,False,False,False,False
919,2025-03-15,,Mensal,123.4,Zona Leste,Musculacao,24,2.84,True,58,False,False,True,True,False,Ativo,291,9.56,False,1179.7,2025-03,16-24,Medio-Digital,False,False,False,True
920,2024-08-05,,Trimestral,109.9,Centro,Funcional,17,3.79,True,13,False,False,False,False,False,Ativo,513,16.85,False,1851.82,2024-08,16-24,Alto,False,False,False,False
921,2024-12-05,,Mensal,116.91,Zona Leste,Musculacao,28,4.08,True,16,False,False,False,False,False,Ativo,391,12.84,False,1501.12,2024-12,25-34,Alto,False,False,False,False
922,2025-10-17,,Anual,89.9,Zona Leste,Musculacao,33,3.85,True,8,False,False,False,False,False,Ativo,75,2.46,False,221.15,2025-10,25-34,Alto,False,False,False,False
923,2025-01-17,,Trimestral,109.9,Zona Oeste,Crossfit,21,4.69,True,17,False,False,False,False,False,Ativo,348,11.43,False,1256.16,2025-01,16-24,Alto,False,False,False,False
924,2024-07-31,2024-11-15,Mensal,129.9,Zona Leste,Musculacao,19,2.12,True,3,False,False,False,False,True,Cancelado,107,3.52,False,457.25,2024-07,16-24,Medio-Digital,False,False,False,False
925,2025-04-14,,Mensal,129.9,Centro,Musculacao,32,3.26,True,13,False,False,False,False,False,Ativo,261,8.57,False,1113.24,2025-04,25-34,Alto,False,False,False,False
926,2025-05-26,,Mensal,129.9,Zona Oeste,Spinning,28,7.0,True,25,False,False,False,False,False,Ativo,219,7.19,False,933.98,2025-05,25-34,Alto,False,False,False,False
927,2025-02-28,,Mensal,129.9,Zona Leste,Crossfit,36,4.95,True,9,False,False,False,False,False,Ativo,306,10.05,False,1305.5,2025-02,35-44,Alto,False,False,False,False
928,2024-01-30,2024-05-15,Anual,85.4,Zona Oeste,Musculacao,19,3.89,False,0,False,False,False,False,True,Cancelado,106,3.48,False,297.19,2024-01,16-24,Medio-Presencial,False,False,False,False
929,2024-06-07,,Trimestral,109.9,Zona Oeste,Musculacao,40,2.05,True,4,False,False,False,False,False,Ativo,572,18.79,False,2065.02,2024-06,35-44,Medio-Digital,False,False,False,False
930,2024-03-30,,Trimestral,109.9,Zona Oeste,Musculacao,19,3.34,True,12,False,False,False,False,False,Ativo,641,21.06,False,2314.49,2024-03,16-24,Alto,False,False,False,False
931,2025-10-31,,Mensal,116.91,Centro,Funcional,50,4.79,True,34,False,False,False,False,False,Ativo,61,2.0,False,233.82,2025-10,45-54,Alto,False,False,False,False
932,2024-08-06,2025-09-16,Mensal,129.9,Zona Oeste,Crossfit,36,3.26,False,0,False,False,False,False,True,Cancelado,406,13.34,False,1732.87,2024-08,35-44,Medio-Presencial,False,False,False,False
933,2024-11-28,2025-03-15,Mensal,116.91,Zona Oeste,Yoga,20,1.0,True,4,False,False,False,False,True,Cancelado,107,3.52,False,411.52,2024-11,16-24,Medio-Digital,False,False,False,False
934,2025-09-22,,Trimestral,104.4,Zona Leste,Funcional,37,1.45,False,0,False,False,False,False,False,Ativo,100,3.29,False,343.48,2025-09,35-44,Baixo,False,False,False,False
935,2025-11-24,,Trimestral,104.4,Zona Oeste,Musculacao,50,1.48,False,0,False,False,False,False,False,Ativo,37,1.22,False,127.37,2025-11,45-54,Baixo,False,False,False,False
936,2024-06-02,,Mensal,123.4,Centro,Musculacao,35,3.84,True,15,False,False,False,False,False,Ativo,577,18.96,False,2339.66,2024-06,35-44,Alto,False,False,False,False
937,2025-08-24,2025-09-12,Anual,89.9,Zona Oeste,Funcional,38,3.26,True,5,False,False,False,False,True,Cancelado,19,0.62,True,55.74,2025-08,35-44,Alto,False,False,False,False
938,2025-05-23,,Mensal,129.9,Zona Oeste,Funcional,32,1.75,True,10,False,False,False,False,False,Ativo,222,7.29,False,946.97,2025-05,25-34,Medio-Digital,False,False,False,False
939,2025-03-05,,Anual,85.4,Zona Leste,Crossfit,21,3.34,True,14,False,False,False,False,False,Ativo,301,9.89,False,844.61,2025-03,16-24,Alto,False,False,False,False
940,2024-04-27,,Mensal,123.4,Zona Oeste,Funcional,27,5.18,True,21,False,False,False,False,False,Ativo,613,20.14,False,2485.28,2024-04,25-34,Alto,False,False,False,False
941,2025-04-28,,Mensal,129.9,Centro,Musculacao,19,3.93,True,15,False,False,False,False,False,Ativo,247,8.11,False,1053.49,2025-04,16-24,Alto,False,False,False,False
942,2025-03-04,,Anual,89.9,Zona Leste,Spinning,18,3.26,True,7,False,False,False,False,False,Ativo,302,9.92,False,891.81,2025-03,16-24,Alto,False,False,False,False
943,2024-11-08,,Mensal,129.9,Zona Leste,Funcional,36,4.5,False,0,False,False,False,False,False,Ativo,418,13.73,False,1783.53,2024-11,35-44,Medio-Presencial,False,False,False,False
944,2025-02-14,,Mensal,129.9,Zona Oeste,Spinning,20,7.0,True,24,False,False,False,False,False,Ativo,320,10.51,False,1365.25,2025-02,16-24,Alto,False,False,False,False
945,2024-05-27,2025-03-24,Mensal,129.9,Zona Oeste,Yoga,36,3.1,False,0,False,False,False,False,True,Cancelado,301,9.89,False,1284.71,2024-05,35-44,Medio-Presencial,False,False,False,False
946,2025-03-11,2025-08-06,Mensal,123.4,Zona Oeste,Funcional,18,1.45,True,6,False,False,False,False,True,Cancelado,148,4.86,False,599.72,2025-03,16-24,Medio-Digital,False,False,False,False
947,2024-04-17,2024-06-03,Trimestral,104.4,Zona Leste,Musculacao,35,3.26,False,0,False,False,False,False,True,Cancelado,47,1.54,True,160.78,2024-04,35-44,Medio-Presencial,False,False,False,False
948,2024-07-19,,Anual,89.9,Zona Leste,Funcional,27,2.33,False,0,False,False,False,False,False,Ativo,530,17.41,False,1565.16,2024-07,25-34,Baixo,False,False,False,False
949,2024-12-12,2025-04-21,Anual,89.9,Zona Oeste,Musculacao,47,2.56,False,0,False,False,False,False,True,Cancelado,130,4.27,False,383.87,2024-12,45-54,Baixo,False,False,False,False
950,2024-04-23,2024-08-23,Mensal,129.9,Zona Oeste,Crossfit,36,2.52,False,0,False,False,False,False,True,Cancelado,122,4.01,False,520.9,2024-04,35-44,Baixo,False,False,False,False
951,2025-10-01,,Mensal,129.9,Zona Oeste,Spinning,33,3.48,True,17,False,False,False,False,False,Ativo,91,2.99,False,388.4,2025-10,25-34,Alto,False,False,False,False
952,2025-09-12,,Mensal,129.9,Zona Oeste,Funcional,24,1.32,False,0,False,False,False,False,False,Ativo,110,3.61,False,468.94,2025-09,16-24,Baixo,False,False,False,False
953,2024-11-28,2025-02-12,Mensal,129.9,Zona Oeste,Spinning,33,1.46,False,0,False,False,False,False,True,Cancelado,76,2.5,False,324.75,2024-11,25-34,Baixo,False,False,False,False
954,2025-02-02,,Mensal,129.9,Centro,Spinning,21,4.06,True,14,False,False,False,False,False,Ativo,332,10.91,False,1417.21,2025-02,16-24,Alto,False,False,False,False
955,2024-07-23,2024-10-05,Anual,89.9,Zona Oeste,Musculacao,27,2.84,False,0,False,False,False,False,True,Cancelado,74,2.43,False,218.46,2024-07,25-34,Baixo,False,False,False,False
956,2024-05-28,,Anual,89.9,Zona Oeste,Crossfit,29,2.44,True,8,False,False,False,False,False,Ativo,582,19.12,False,1718.89,2024-05,25-34,Medio-Digital,False,False,False,False
957,2025-11-03,,Trimestral,109.9,Zona Oeste,Crossfit,24,2.92,True,7,False,False,False,False,False,Ativo,58,1.91,False,209.91,2025-11,16-24,Medio-Digital,False,False,False,False
958,2024-10-16,,Mensal,129.9,Zona Leste,Spinning,19,5.63,True,19,False,False,False,False,False,Ativo,441,14.49,False,1882.25,2024-10,16-24,Alto,False,False,False,False
959,2025-10-29,,Mensal,129.9,Zona Leste,Funcional,16,4.34,True,20,False,False,False,False,False,Ativo,63,2.07,False,268.89,2025-10,16-24,Alto,False,False,False,False
960,2024-02-16,,Mensal,129.9,Zona Oeste,Musculacao,17,4.19,True,22,False,False,False,False,False,Ativo,684,22.47,False,2918.85,2024-02,16-24,Alto,False,False,False,False
961,2024-03-15,,Mensal,129.9,Centro,Funcional,20,6.59,True,30,False,False,False,False,False,Ativo,656,21.55,False,2799.34,2024-03,16-24,Alto,False,False,False,False
962,2024-11-28,2025-09-09,Mensal,129.9,Zona Oeste,Spinning,39,3.56,False,0,False,False,False,False,True,Cancelado,285,9.36,False,1215.86,2024-11,35-44,Medio-Presencial,False,False,False,False
963,2025-07-01,,Mensal,129.9,Zona Leste,Funcional,27,6.89,True,27,False,False,False,False,False,Ativo,183,6.01,False,780.7,2025-07,25-34,Alto,False,False,False,False
964,2024-10-23,,Mensal,116.91,Zona Oeste,Musculacao,17,7.0,True,29,False,False,False,False,False,Ativo,434,14.26,False,1667.14,2024-10,16-24,Alto,False,False,False,False
965,2025-08-10,,Anual,89.9,Zona Leste,Funcional,52,1.89,False,0,False,False,False,False,False,Ativo,143,4.7,False,422.53,2025-08,45-54,Baixo,False,False,False,False
966,2024-04-02,2024-11-20,Mensal,129.9,Zona Oeste,Musculacao,33,1.13,False,0,False,False,False,False,True,Cancelado,232,7.62,False,989.84,2024-04,25-34,Baixo,False,False,False,False
967,2025-08-22,,Anual,89.9,Centro,Funcional,36,2.26,False,0,False,False,False,False,False,Ativo,131,4.3,False,386.57,2025-08,35-44,Baixo,False,False,False,False
968,2024-11-07,,Mensal,123.4,Zona Oeste,Funcional,39,5.35,True,13,False,False,False,False,False,Ativo,419,13.76,False,1697.98,2024-11,35-44,Alto,False,False,False,False
970,2025-03-23,,Mensal,129.9,Zona Leste,Spinning,22,2.53,True,12,False,False,False,False,False,Ativo,283,9.3,False,1208.07,2025-03,16-24,Medio-Digital,False,False,False,False
971,2025-06-28,,Mensal,129.9,Zona Leste,Yoga,33,3.26,True,12,False,False,False,False,False,Ativo,186,6.11,False,793.69,2025-06,25-34,Alto,False,False,False,False
972,2025-10-11,,Mensal,129.9,Centro,Funcional,35,2.22,False,0,False,False,False,False,False,Ativo,81,2.66,False,345.53,2025-10,35-44,Baixo,False,False,False,False
973,2024-03-02,,Mensal,129.9,Zona Oeste,Musculacao,59,3.33,True,13,False,False,False,False,False,Ativo,669,21.98,False,2855.2,2024-03,55+,Alto,False,False,False,False
974,2025-05-07,,Anual,89.9,Zona Oeste,Spinning,26,4.61,True,17,False,False,False,False,False,Ativo,238,7.82,False,703.02,2025-05,25-34,Alto,False,False,False,False
975,2024-08-08,,Mensal,409.82,Zona Leste,Musculacao,20,1.8,True,7,False,True,False,True,False,Ativo,510,16.75,False,6864.48,2024-08,16-24,Medio-Digital,True,False,True,True
976,2024-12-17,,Trimestral,98.91,Zona Leste,Funcional,21,1.83,True,0,False,False,False,False,False,Ativo,379,12.45,False,1231.43,2024-12,16-24,Medio-Digital,False,False,False,False
977,2024-11-19,,Mensal,123.4,Zona Leste,Funcional,35,3.09,False,0,False,False,False,False,False,Ativo,407,13.37,False,1649.86,2024-11,35-44,Medio-Presencial,False,False,False,False
978,2025-06-23,,Mensal,129.9,Zona Leste,Musculacao,47,3.3,True,14,False,False,False,False,False,Ativo,191,6.27,False,814.47,2025-06,45-54,Alto,False,False,False,False
979,2024-10-05,,Mensal,116.91,Zona Leste,Funcional,59,4.39,True,19,False,False,False,False,False,Ativo,452,14.85,False,1736.11,2024-10,55+,Alto,False,False,False,False
980,2024-07-14,2024-10-03,Mensal,129.9,Centro,Funcional,27,1.69,False,0,False,False,False,False,True,Cancelado,81,2.66,False,345.53,2024-07,25-34,Baixo,False,False,False,False
981,2024-12-07,2025-01-20,Anual,89.9,Zona Oeste,Yoga,17,3.26,True,9,False,False,False,False,True,Cancelado,44,1.45,True,130.36,2024-12,16-24,Alto,False,False,False,False
982,2025-04-13,,Trimestral,104.4,Zona Leste,Musculacao,44,7.0,True,19,False,False,False,False,False,Ativo,262,8.61,False,898.88,2025-04,35-44,Alto,False,False,False,False
983,2025-08-15,,Trimestral,109.9,Zona Leste,Musculacao,29,5.15,True,22,False,False,False,False,False,Ativo,138,4.53,False,497.85,2025-08,25-34,Alto,False,False,False,False
984,2024-01-04,2024-02-10,Mensal,129.9,Zona Leste,Spinning,29,2.83,True,13,False,False,False,False,True,Cancelado,37,1.22,True,158.48,2024-01,25-34,Medio-Digital,False,False,False,False
985,2025-02-01,,Mensal,129.9,Centro,Musculacao,25,5.29,True,15,False,False,False,False,False,Ativo,333,10.94,False,1421.11,2025-02,25-34,Alto,False,False,False,False
986,2024-02-20,,Anual,89.9,Zona Leste,Spinning,34,2.24,False,0,False,False,False,False,False,Ativo,680,22.34,False,2008.37,2024-02,25-34,Baixo,False,False,False,False
987,2025-03-09,,Mensal,129.9,Zona Oeste,Musculacao,36,2.66,True,11,False,False,False,False,False,Ativo,297,9.76,False,1267.82,2025-03,35-44,Medio-Digital,False,False,False,False
988,2025-03-12,,Mensal,129.9,Centro,Musculacao,36,0.41,True,1,False,False,False,False,False,Ativo,294,9.66,False,1254.83,2025-03,35-44,Medio-Digital,False,False,False,False
989,2025-08-21,,Mensal,129.9,Zona Leste,Funcional,29,3.28,True,10,False,False,False,False,False,Ativo,132,4.34,False,563.77,2025-08,25-34,Alto,False,False,False,False
990,2024-05-14,,Trimestral,109.9,Zona Oeste,Musculacao,20,2.76,True,8,False,False,False,False,False,Ativo,596,19.58,False,2151.84,2024-05,16-24,Medio-Digital,False,False,False,False
991,2025-07-10,,Trimestral,109.9,Centro,Funcional,39,2.8,True,13,False,False,False,False,False,Ativo,174,5.72,False,628.63,2025-07,35-44,Medio-Digital,False,False,False,False
992,2025-04-27,,Trimestral,109.9,Zona Leste,Musculacao,32,4.53,False,0,False,False,False,False,False,Ativo,248,8.15,False,895.68,2025-04,25-34,Medio-Presencial,False,False,False,False
993,2025-04-10,,Trimestral,109.9,Zona Leste,Funcional,42,5.18,True,14,False,False,False,False,False,Ativo,265,8.71,False,957.23,2025-04,35-44,Alto,False,False,False,False
994,2025-03-21,2025-07-21,Mensal,129.9,Centro,Musculacao,41,2.37,False,0,False,False,False,False,True,Cancelado,122,4.01,False,520.9,2025-03,35-44,Baixo,False,False,False,False
995,2025-01-19,,Anual,89.9,Centro,Yoga,16,1.94,True,9,False,False,False,False,False,Ativo,346,11.37,False,1022.16,2025-01,16-24,Medio-Digital,False,False,False,False
996,2024-02-14,,Mensal,123.4,Zona Oeste,Yoga,16,1.22,False,0,False,False,False,False,False,Ativo,686,22.54,False,2781.44,2024-02,16-24,Baixo,False,False,False,False
997,2025-07-23,,Trimestral,109.9,Zona Oeste,Musculacao,24,1.1,False,0,False,False,False,False,False,Ativo,161,5.29,False,581.37,2025-07,16-24,Baixo,False,False,False,False
998,2024-10-01,,Mensal,123.4,Zona Leste,Funcional,20,6.54,True,17,False,False,False,False,False,Ativo,456,14.98,False,1848.53,2024-10,16-24,Alto,False,False,False,False
999,2024-03-14,,Anual,85.4,Centro,Musculacao,40,4.84,True,20,False,False,False,False,False,Ativo,657,21.58,False,1842.93,2024-03,35-44,Alto,False,False,False,False
1000,2025-03-05,,Mensal,129.9,Zona Oeste,Funcional,36,3.82,True,11,False,False,False,False,False,Ativo,301,9.89,False,1284.71,2025-03,35-44,Alto,False,False,False,False
1001,2025-10-25,,Mensal,123.4,Zona Leste,Musculacao,44,2.2,False,0,False,False,False,False,False,Ativo,67,2.2,False,271.48,2025-10,35-44,Baixo,False,False,False,False
1002,2025-05-14,2025-07-05,Mensal,123.4,Zona Oeste,Spinning,36,2.2,True,0,False,False,False,False,True,Cancelado,52,1.71,True,211.01,2025-05,35-44,Medio-Digital,False,False,False,False
1003,2024-06-21,,Mensal,129.9,Centro,Musculacao,34,5.01,True,20,False,False,False,False,False,Ativo,558,18.33,False,2381.07,2024-06,25-34,Alto,False,False,False,False
1004,2025-07-25,,Mensal,129.9,Centro,Crossfit,45,1.13,False,0,False,False,False,False,False,Ativo,159,5.22,False,678.08,2025-07,45-54,Baixo,False,False,False,False
1006,2024-08-19,,Mensal,116.91,Zona Leste,Funcional,33,3.26,True,14,False,False,False,False,False,Ativo,499,16.39,False,1916.15,2024-08,25-34,Alto,False,False,False,False
1007,2024-12-31,,Anual,89.9,Centro,Musculacao,48,2.97,False,0,False,False,False,False,False,Ativo,365,11.99,False,1077.9,2024-12,45-54,Baixo,False,False,False,False
1008,2025-08-08,,Mensal,123.4,Centro,Musculacao,33,4.18,True,0,False,False,False,False,False,Ativo,145,4.76,False,587.38,2025-08,25-34,Alto,False,False,False,False
1009,2024-04-20,,Trimestral,104.4,Zona Oeste,Musculacao,29,3.14,True,11,False,False,False,False,False,Ativo,620,20.37,False,2126.63,2024-04,25-34,Alto,False,False,False,False
1010,2024-09-04,2024-11-11,Mensal,123.4,Zona Oeste,Crossfit,23,0.5,True,2,False,False,False,False,True,Cancelado,68,2.23,False,275.18,2024-09,16-24,Medio-Digital,False,False,False,False
1011,2024-11-15,,Trimestral,98.91,Zona Oeste,Yoga,40,3.08,True,13,False,False,False,False,False,Ativo,411,13.5,False,1335.28,2024-11,35-44,Alto,False,False,False,False
1012,2024-01-05,,Trimestral,109.9,Zona Leste,Musculacao,46,3.38,True,10,False,False,False,False,False,Ativo,726,23.85,False,2621.12,2024-01,45-54,Alto,False,False,False,False
1013,2024-04-26,2024-06-22,Mensal,129.9,Zona Leste,Funcional,31,2.72,False,0,False,False,False,False,True,Cancelado,57,1.87,True,242.91,2024-04,25-34,Baixo,False,False,False,False
1014,2025-03-03,2025-05-20,Anual,89.9,Zona Leste,Spinning,46,2.08,True,7,False,False,False,False,True,Cancelado,78,2.56,False,230.14,2025-03,45-54,Medio-Digital,False,False,False,False
1015,2024-07-03,,Mensal,369.78,Zona Leste,Musculacao,18,2.73,True,8,False,True,False,True,False,Ativo,546,17.94,False,6633.85,2024-07,16-24,Medio-Digital,True,False,True,True
1016,2024-06-18,2024-11-03,Mensal,129.9,Centro,Spinning,31,0.89,False,0,False,False,False,False,True,Cancelado,138,4.53,False,588.45,2024-06,25-34,Baixo,False,False,False,False
1017,2024-07-26,,Trimestral,104.4,Zona Leste,Musculacao,32,2.66,False,0,False,False,False,False,False,Ativo,523,17.18,False,1793.59,2024-07,25-34,Baixo,False,False,False,False
1018,2024-03-28,,Anual,80.91,Zona Leste,Musculacao,24,4.89,True,12,False,False,False,False,False,Ativo,643,21.12,False,1708.82,2024-03,16-24,Alto,False,False,False,False
1019,2025-03-21,,Mensal,129.9,Zona Oeste,Funcional,58,6.36,True,22,False,False,False,False,False,Ativo,285,9.36,False,1215.86,2025-03,55+,Alto,False,False,False,False
1020,2024-06-29,,Mensal,129.9,Zona Leste,Musculacao,31,5.83,True,15,False,False,False,False,False,Ativo,550,18.07,False,2347.29,2024-06,25-34,Alto,False,False,False,False
1021,2025-04-01,,Anual,89.9,Zona Leste,Crossfit,28,2.22,True,6,False,False,False,False,False,Ativo,274,9.0,False,809.1,2025-04,25-34,Medio-Digital,False,False,False,False
1022,2025-08-02,,Trimestral,109.9,Zona Oeste,Funcional,32,1.5,False,0,False,False,False,False,False,Ativo,151,4.96,False,545.1,2025-08,25-34,Baixo,False,False,False,False
1023,2024-12-01,,Anual,89.9,Zona Leste,Yoga,41,3.83,False,0,False,False,False,False,False,Ativo,395,12.98,False,1166.9,2024-12,35-44,Medio-Presencial,False,False,False,False
1024,2025-10-01,,Mensal,129.9,Zona Oeste,Funcional,24,3.02,True,7,False,False,False,False,False,Ativo,91,2.99,False,388.4,2025-10,16-24,Alto,False,False,False,False
1025,2024-05-17,,Trimestral,109.9,Centro,Crossfit,43,4.27,False,0,False,False,False,False,False,Ativo,593,19.48,False,2140.85,2024-05,35-44,Medio-Presencial,False,False,False,False
1026,2025-11-04,,Mensal,382.64,Zona Leste,Musculacao,25,2.1,False,0,False,True,False,True,False,Ativo,57,1.87,False,715.54,2025-11,25-34,Baixo,False,False,False,True
1027,2024-08-13,,Anual,89.9,Centro,Spinning,23,3.62,True,10,False,False,False,False,False,Ativo,505,16.59,False,1491.44,2024-08,16-24,Alto,False,False,False,False
1029,2025-11-16,2025-12-29,Trimestral,109.9,Centro,Musculacao,47,3.26,False,0,False,False,False,False,True,Cancelado,43,1.41,True,154.96,2025-11,45-54,Medio-Presencial,False,False,False,False
1030,2024-11-15,,Mensal,129.9,Zona Oeste,Musculacao,38,1.08,True,5,False,False,False,False,False,Ativo,411,13.5,False,1753.65,2024-11,35-44,Medio-Digital,False,False,False,False
1031,2025-06-07,,Trimestral,98.91,Zona Oeste,Funcional,27,3.26,True,14,False,False,False,False,False,Ativo,207,6.8,False,672.59,2025-06,25-34,Alto,False,False,False,False
1032,2025-07-15,,Trimestral,98.91,Zona Oeste,Yoga,29,3.55,True,10,False,False,False,False,False,Ativo,169,5.55,False,548.95,2025-07,25-34,Alto,False,False,False,False
1033,2024-11-09,,Mensal,129.9,Zona Oeste,Musculacao,23,3.26,True,9,False,False,False,False,False,Ativo,417,13.7,False,1779.63,2024-11,16-24,Alto,False,False,False,False
1034,2024-08-10,,Anual,89.9,Zona Leste,Crossfit,21,5.56,True,87,False,False,True,True,False,Ativo,508,16.69,False,1500.43,2024-08,16-24,Alto,False,False,False,True
1035,2024-12-09,2025-05-06,Mensal,129.9,Centro,Musculacao,21,2.85,False,0,False,False,False,False,True,Cancelado,148,4.86,False,631.31,2024-12,16-24,Baixo,False,False,False,False
1036,2024-09-26,,Trimestral,109.9,Zona Oeste,Musculacao,25,4.58,True,58,False,False,True,True,False,Ativo,461,15.14,False,1663.89,2024-09,25-34,Alto,False,False,False,True
1037,2024-10-18,,Mensal,357.57,Centro,Musculacao,33,6.43,True,0,False,True,False,True,False,Ativo,439,14.42,False,5156.16,2024-10,25-34,Alto,True,False,True,True
1038,2024-06-15,,Mensal,129.9,Zona Leste,Spinning,24,3.26,True,24,False,False,False,False,False,Ativo,564,18.53,False,2407.05,2024-06,16-24,Alto,False,False,False,False
1039,2025-10-02,,Mensal,129.9,Zona Leste,Musculacao,34,3.5,True,11,False,False,False,False,False,Ativo,90,2.96,False,384.5,2025-10,25-34,Alto,False,False,False,False
1040,2025-02-04,,Mensal,129.9,Zona Oeste,Musculacao,35,3.65,True,11,False,False,False,False,False,Ativo,330,10.84,False,1408.12,2025-02,35-44,Alto,False,False,False,False
1041,2025-07-11,,Mensal,129.9,Zona Oeste,Musculacao,51,3.47,True,0,False,False,False,False,False,Ativo,173,5.68,False,737.83,2025-07,45-54,Alto,False,False,False,False
1042,2025-04-06,,Trimestral,109.9,Zona Leste,Yoga,25,4.2,True,14,False,False,False,False,False,Ativo,269,8.84,False,971.52,2025-04,25-34,Alto,False,False,False,False
1043,2024-09-04,,Trimestral,109.9,Zona Leste,Crossfit,35,5.15,True,27,False,False,False,False,False,Ativo,483,15.87,False,1744.11,2024-09,35-44,Alto,False,False,False,False
1044,2024-08-10,,Trimestral,109.9,Zona Leste,Musculacao,35,3.69,True,21,False,False,False,False,False,Ativo,508,16.69,False,1834.23,2024-08,35-44,Alto,False,False,False,False
1045,2025-11-18,,Mensal,129.9,Zona Oeste,Musculacao,29,7.0,True,28,False,False,False,False,False,Ativo,43,1.41,False,183.16,2025-11,25-34,Alto,False,False,False,False
1046,2024-01-17,,Mensal,129.9,Zona Leste,Spinning,40,6.74,True,26,False,False,False,False,False,Ativo,714,23.46,False,3047.45,2024-01,35-44,Alto,False,False,False,False
1047,2024-07-25,,Mensal,129.9,Centro,Crossfit,41,3.12,True,16,False,False,False,False,False,Ativo,524,17.21,False,2235.58,2024-07,35-44,Alto,False,False,False,False
1048,2025-05-30,,Trimestral,104.4,Zona Leste,Funcional,36,3.36,False,0,False,False,False,False,False,Ativo,215,7.06,False,737.06,2025-05,35-44,Medio-Presencial,False,False,False,False
1049,2025-01-17,,Anual,80.91,Zona Leste,Musculacao,29,2.9,True,0,False,False,False,False,False,Ativo,348,11.43,False,924.8,2025-01,25-34,Medio-Digital,False,False,False,False
1050,2025-03-07,2025-07-04,Mensal,129.9,Zona Leste,Musculacao,28,4.06,False,0,False,False,False,False,True,Cancelado,119,3.91,False,507.91,2025-03,25-34,Medio-Presencial,False,False,False,False
1051,2024-01-16,,Trimestral,104.4,Zona Oeste,Crossfit,17,2.82,True,60,False,False,True,True,False,Ativo,715,23.49,False,2452.36,2024-01,16-24,Medio-Digital,False,False,False,True
1052,2024-06-02,,Mensal,129.9,Zona Oeste,Crossfit,23,2.29,True,13,False,False,False,False,False,Ativo,577,18.96,False,2462.9,2024-06,16-24,Medio-Digital,False,False,False,False
1053,2025-02-23,,Mensal,129.9,Zona Oeste,Musculacao,25,4.01,False,0,False,False,False,False,False,Ativo,311,10.22,False,1327.58,2025-02,25-34,Medio-Presencial,False,False,False,False
1054,2024-08-08,,Mensal,129.9,Centro,Yoga,20,1.61,False,0,False,False,False,False,False,Ativo,510,16.75,False,2175.83,2024-08,16-24,Baixo,False,False,False,False
1055,2024-11-25,,Mensal,129.9,Zona Leste,Musculacao,37,4.94,True,16,False,False,False,False,False,Ativo,401,13.17,False,1710.78,2024-11,35-44,Alto,False,False,False,False
1056,2025-10-31,,Trimestral,109.9,Zona Oeste,Musculacao,45,4.35,True,0,False,False,False,False,False,Ativo,61,2.0,False,219.8,2025-10,45-54,Alto,False,False,False,False
1057,2025-03-22,,Anual,80.91,Zona Leste,Yoga,22,7.0,True,16,False,False,False,False,False,Ativo,284,9.33,False,754.89,2025-03,16-24,Alto,False,False,False,False
1058,2025-03-17,2025-07-18,Mensal,129.9,Zona Leste,Spinning,35,3.54,True,13,False,False,False,False,True,Cancelado,123,4.04,False,524.8,2025-03,35-44,Alto,False,False,False,False
1059,2024-05-17,,Mensal,129.9,Zona Oeste,Spinning,33,4.42,True,28,False,False,False,False,False,Ativo,593,19.48,False,2530.45,2024-05,25-34,Alto,False,False,False,False
1060,2025-02-20,2025-08-14,Trimestral,109.9,Zona Leste,Crossfit,29,0.9,False,0,False,False,False,False,True,Cancelado,175,5.75,False,631.93,2025-02,25-34,Baixo,False,False,False,False
1061,2025-11-03,,Anual,89.9,Zona Oeste,Yoga,24,5.26,True,16,False,False,False,False,False,Ativo,58,1.91,False,171.71,2025-11,16-24,Alto,False,False,False,False
1062,2025-03-23,,Trimestral,109.9,Zona Oeste,Musculacao,39,5.85,True,27,False,False,False,False,False,Ativo,283,9.3,False,1022.07,2025-03,35-44,Alto,False,False,False,False
1063,2025-07-03,,Mensal,129.9,Zona Oeste,Funcional,25,3.26,True,9,False,False,False,False,False,Ativo,181,5.95,False,772.91,2025-07,25-34,Alto,False,False,False,False
1064,2025-10-30,,Trimestral,109.9,Zona Oeste,Yoga,43,2.59,True,8,False,False,False,False,False,Ativo,62,2.04,False,224.2,2025-10,35-44,Medio-Digital,False,False,False,False
1065,2025-09-22,,Mensal,123.4,Zona Oeste,Funcional,29,3.58,True,9,False,False,False,False,False,Ativo,100,3.29,False,405.99,2025-09,25-34,Alto,False,False,False,False
1066,2024-08-25,,Anual,89.9,Zona Leste,Crossfit,25,5.49,True,17,False,False,False,False,False,Ativo,493,16.2,False,1456.38,2024-08,25-34,Alto,False,False,False,False
1067,2024-07-25,,Mensal,129.9,Zona Leste,Funcional,18,5.27,True,12,False,False,False,False,False,Ativo,524,17.21,False,2235.58,2024-07,16-24,Alto,False,False,False,False
1068,2024-07-15,,Trimestral,104.4,Zona Leste,Musculacao,35,1.34,True,5,False,False,False,False,False,Ativo,534,17.54,False,1831.18,2024-07,35-44,Medio-Digital,False,False,False,False
1069,2025-06-23,,Mensal,129.9,Zona Oeste,Musculacao,42,7.0,True,24,False,False,False,False,False,Ativo,191,6.27,False,814.47,2025-06,35-44,Alto,False,False,False,False
1070,2024-09-20,2025-01-21,Mensal,129.9,Centro,Yoga,35,2.3,True,11,False,False,False,False,True,Cancelado,123,4.04,False,524.8,2024-09,35-44,Medio-Digital,False,False,False,False
1071,2025-07-29,,Anual,89.9,Zona Leste,Crossfit,57,5.01,True,14,False,False,False,False,False,Ativo,155,5.09,False,457.59,2025-07,55+,Alto,False,False,False,False
1072,2025-07-14,,Trimestral,109.9,Zona Oeste,Musculacao,48,6.17,True,15,False,False,False,False,False,Ativo,170,5.58,False,613.24,2025-07,45-54,Alto,False,False,False,False
1073,2025-04-11,,Mensal,129.9,Zona Oeste,Musculacao,29,2.97,False,0,False,False,False,False,False,Ativo,264,8.67,False,1126.23,2025-04,25-34,Baixo,False,False,False,False
1074,2024-03-25,,Anual,89.9,Centro,Yoga,29,5.93,False,0,False,False,False,False,False,Ativo,646,21.22,False,1907.68,2024-03,25-34,Medio-Presencial,False,False,False,False
1075,2025-05-13,,Anual,89.9,Zona Oeste,Musculacao,37,1.63,False,0,False,False,False,False,False,Ativo,232,7.62,False,685.04,2025-05,35-44,Baixo,False,False,False,False
1076,2024-05-24,2024-08-11,Mensal,129.9,Zona Oeste,Musculacao,23,0.83,False,0,False,False,False,False,True,Cancelado,79,2.6,False,337.74,2024-05,16-24,Baixo,False,False,False,False
1077,2025-01-21,2025-05-02,Mensal,129.9,Zona Oeste,Crossfit,45,5.48,True,13,False,False,False,False,True,Cancelado,101,3.32,False,431.27,2025-01,45-54,Alto,False,False,False,False
1078,2024-06-08,,Mensal,129.9,Centro,Yoga,36,5.14,True,22,False,False,False,False,False,Ativo,571,18.76,False,2436.92,2024-06,35-44,Alto,False,False,False,False
1079,2024-02-13,,Trimestral,109.9,Zona Leste,Crossfit,35,4.06,True,18,False,False,False,False,False,Ativo,687,22.57,False,2480.44,2024-02,35-44,Alto,False,False,False,False
1080,2025-03-21,2025-09-13,Mensal,129.9,Centro,Funcional,40,4.95,True,17,False,False,False,False,True,Cancelado,176,5.78,False,750.82,2025-03,35-44,Alto,False,False,False,False
1081,2024-11-11,,Mensal,129.9,Zona Leste,Musculacao,51,3.26,True,18,False,False,False,False,False,Ativo,415,13.63,False,1770.54,2024-11,45-54,Alto,False,False,False,False
1082,2025-03-25,,Anual,89.9,Centro,Crossfit,34,6.56,True,0,False,False,False,False,False,Ativo,281,9.23,False,829.78,2025-03,25-34,Alto,False,False,False,False
1083,2024-12-09,,Anual,80.91,Zona Leste,Musculacao,31,3.61,True,11,False,False,False,False,False,Ativo,387,12.71,False,1028.37,2024-12,25-34,Alto,False,False,False,False
1084,2024-09-17,,Anual,89.9,Zona Leste,Musculacao,49,4.11,True,28,False,False,False,False,False,Ativo,470,15.44,False,1388.06,2024-09,45-54,Alto,False,False,False,False
1085,2024-01-11,,Anual,89.9,Zona Leste,Crossfit,43,3.34,False,0,False,False,False,False,False,Ativo,720,23.65,False,2126.14,2024-01,35-44,Medio-Presencial,False,False,False,False
1086,2024-07-12,,Trimestral,109.9,Zona Leste,Funcional,28,2.85,True,11,False,False,False,False,False,Ativo,537,17.64,False,1938.64,2024-07,25-34,Medio-Digital,False,False,False,False
1087,2025-09-08,,Trimestral,109.9,Zona Leste,Crossfit,32,4.95,True,16,False,False,False,False,False,Ativo,114,3.75,False,412.12,2025-09,25-34,Alto,False,False,False,False
1088,2025-06-12,2025-06-29,Trimestral,109.9,Zona Leste,Musculacao,34,3.03,True,12,False,False,False,False,True,Cancelado,17,0.56,True,61.54,2025-06,25-34,Alto,False,False,False,False
1089,2024-11-20,,Mensal,123.4,Zona Oeste,Crossfit,36,4.69,True,16,False,False,False,False,False,Ativo,406,13.34,False,1646.16,2024-11,35-44,Alto,False,False,False,False
1090,2024-01-23,,Mensal,129.9,Zona Leste,Funcional,17,2.97,True,8,False,False,False,False,False,Ativo,708,23.26,False,3021.47,2024-01,16-24,Medio-Digital,False,False,False,False
1091,2025-11-20,,Mensal,129.9,Zona Oeste,Funcional,50,3.2,True,9,False,False,False,False,False,Ativo,41,1.35,False,175.36,2025-11,45-54,Alto,False,False,False,False
1092,2025-06-01,,Trimestral,109.9,Centro,Crossfit,22,2.21,True,15,False,False,False,False,False,Ativo,213,7.0,False,769.3,2025-06,16-24,Medio-Digital,False,False,False,False
1093,2024-01-16,,Mensal,123.4,Zona Oeste,Musculacao,21,3.26,True,0,False,False,False,False,False,Ativo,715,23.49,False,2898.67,2024-01,16-24,Alto,False,False,False,False
1094,2024-05-27,2025-01-01,Mensal,129.9,Zona Leste,Funcional,25,1.04,False,0,False,False,False,False,True,Cancelado,219,7.19,False,933.98,2024-05,25-34,Baixo,False,False,False,False
1095,2024-04-29,,Trimestral,109.9,Zona Leste,Musculacao,39,5.83,True,0,False,False,False,False,False,Ativo,611,20.07,False,2205.69,2024-04,35-44,Alto,False,False,False,False
1096,2025-09-23,,Mensal,129.9,Centro,Yoga,30,7.0,True,22,False,False,False,False,False,Ativo,99,3.25,False,422.18,2025-09,25-34,Alto,False,False,False,False
1097,2025-10-30,,Mensal,123.4,Zona Leste,Crossfit,34,3.26,True,16,False,False,False,False,False,Ativo,62,2.04,False,251.74,2025-10,25-34,Alto,False,False,False,False
1098,2024-10-16,,Trimestral,109.9,Zona Leste,Funcional,19,3.43,True,14,False,False,False,False,False,Ativo,441,14.49,False,1592.45,2024-10,16-24,Alto,False,False,False,False
1099,2024-05-04,2024-06-27,Anual,80.91,Centro,Musculacao,27,1.82,False,0,False,False,False,False,True,Cancelado,54,1.77,True,143.21,2024-05,25-34,Baixo,False,False,False,False
1100,2025-03-25,2025-09-27,Mensal,123.4,Centro,Musculacao,38,2.38,True,4,False,False,False,False,True,Cancelado,186,6.11,False,753.97,2025-03,35-44,Medio-Digital,False,False,False,False
1101,2024-07-09,,Mensal,129.9,Zona Leste,Crossfit,39,4.97,True,15,False,False,False,False,False,Ativo,540,17.74,False,2304.43,2024-07,35-44,Alto,False,False,False,False
1102,2024-03-25,,Mensal,123.4,Zona Oeste,Crossfit,24,5.33,True,20,False,False,False,False,False,Ativo,646,21.22,False,2618.55,2024-03,16-24,Alto,False,False,False,False
1103,2024-06-30,,Trimestral,109.9,Zona Oeste,Crossfit,34,3.73,True,14,False,False,False,False,False,Ativo,549,18.04,False,1982.6,2024-06,25-34,Alto,False,False,False,False
1104,2024-06-26,,Anual,89.9,Zona Oeste,Musculacao,56,5.38,True,21,False,False,False,False,False,Ativo,553,18.17,False,1633.48,2024-06,55+,Alto,False,False,False,False
1105,2024-02-07,,Mensal,129.9,Zona Leste,Musculacao,32,1.98,False,0,False,False,False,False,False,Ativo,693,22.77,False,2957.82,2024-02,25-34,Baixo,False,False,False,False
1106,2025-05-05,,Trimestral,104.4,Zona Leste,Yoga,24,4.15,True,12,False,False,False,False,False,Ativo,240,7.88,False,822.67,2025-05,16-24,Alto,False,False,False,False
1107,2024-09-03,,Mensal,129.9,Zona Oeste,Yoga,30,6.3,True,22,False,False,False,False,False,Ativo,484,15.9,False,2065.41,2024-09,25-34,Alto,False,False,False,False
1108,2025-01-20,,Mensal,129.9,Zona Leste,Musculacao,33,4.29,True,15,False,False,False,False,False,Ativo,345,11.33,False,1471.77,2025-01,25-34,Alto,False,False,False,False
1109,2025-01-20,,Anual,89.9,Zona Oeste,Musculacao,30,7.0,True,30,False,False,False,False,False,Ativo,345,11.33,False,1018.57,2025-01,25-34,Alto,False,False,False,False
1110,2025-06-23,,Mensal,129.9,Zona Leste,Musculacao,32,6.89,True,25,False,False,False,False,False,Ativo,191,6.27,False,814.47,2025-06,25-34,Alto,False,False,False,False
1111,2025-06-17,2025-09-11,Mensal,123.4,Centro,Spinning,16,4.03,True,14,False,False,False,False,True,Cancelado,86,2.83,False,349.22,2025-06,16-24,Alto,False,False,False,False
1112,2025-01-29,2025-05-17,Mensal,129.9,Centro,Musculacao,21,0.31,False,0,False,False,False,False,True,Cancelado,108,3.55,False,461.14,2025-01,16-24,Baixo,False,False,False,False
1113,2025-08-09,,Trimestral,109.9,Zona Oeste,Musculacao,30,5.53,True,22,False,False,False,False,False,Ativo,144,4.73,False,519.83,2025-08,25-34,Alto,False,False,False,False
1114,2025-02-02,,Anual,85.4,Zona Oeste,Musculacao,33,2.07,True,7,False,False,False,False,False,Ativo,332,10.91,False,931.71,2025-02,25-34,Medio-Digital,False,False,False,False
1115,2024-01-19,,Anual,85.4,Zona Leste,Crossfit,26,1.09,True,6,False,False,False,False,False,Ativo,712,23.39,False,1997.51,2024-01,25-34,Medio-Digital,False,False,False,False
1116,2025-08-23,,Mensal,129.9,Zona Oeste,Funcional,30,0.95,True,3,False,False,False,False,False,Ativo,130,4.27,False,554.67,2025-08,25-34,Medio-Digital,False,False,False,False
1117,2025-06-22,,Mensal,129.9,Zona Leste,Musculacao,33,5.47,True,28,False,False,False,False,False,Ativo,192,6.31,False,819.67,2025-06,25-34,Alto,False,False,False,False
1118,2024-10-24,,Trimestral,109.9,Centro,Spinning,42,4.29,True,17,False,False,False,False,False,Ativo,433,14.22,False,1562.78,2024-10,35-44,Alto,False,False,False,False
1119,2024-09-27,2024-12-21,Mensal,129.9,Centro,Spinning,31,3.53,True,5,False,False,False,False,True,Cancelado,85,2.79,False,362.42,2024-09,25-34,Alto,False,False,False,False
1120,2025-09-18,,Anual,89.9,Centro,Musculacao,36,4.79,True,18,False,False,False,False,False,Ativo,104,3.42,False,307.46,2025-09,35-44,Alto,False,False,False,False
1121,2024-10-25,2025-06-03,Trimestral,109.9,Centro,Musculacao,26,1.24,True,1,False,False,False,False,True,Cancelado,221,7.26,False,797.87,2024-10,25-34,Medio-Digital,False,False,False,False
1122,2024-09-17,2025-06-10,Mensal,123.4,Centro,Musculacao,38,2.79,False,0,False,False,False,False,True,Cancelado,266,8.74,False,1078.52,2024-09,35-44,Baixo,False,False,False,False
1123,2025-05-27,,Anual,89.9,Zona Leste,Funcional,36,2.72,False,0,False,False,False,False,False,Ativo,218,7.16,False,643.68,2025-05,35-44,Baixo,False,False,False,False
1124,2024-08-18,2025-01-23,Mensal,123.4,Centro,Yoga,42,3.39,False,0,False,False,False,False,True,Cancelado,158,5.19,False,640.45,2024-08,35-44,Medio-Presencial,False,False,False,False
1125,2024-10-09,2025-03-13,Mensal,401.64,Zona Oeste,Crossfit,40,3.45,False,0,False,True,False,True,True,Cancelado,155,5.09,False,2044.35,2024-10,35-44,Medio-Presencial,False,False,False,True
1126,2025-06-29,,Trimestral,109.9,Zona Leste,Musculacao,38,4.4,True,12,False,False,False,False,False,Ativo,185,6.08,False,668.19,2025-06,35-44,Alto,False,False,False,False
1127,2024-06-05,2024-06-24,Mensal,129.9,Zona Oeste,Spinning,31,4.47,False,0,False,False,False,False,True,Cancelado,19,0.62,True,80.54,2024-06,25-34,Medio-Presencial,False,False,False,False
1128,2024-01-09,,Trimestral,109.9,Zona Leste,Musculacao,35,1.27,False,0,False,False,False,False,False,Ativo,722,23.72,False,2606.83,2024-01,35-44,Baixo,False,False,False,False
1129,2024-08-23,,Trimestral,104.4,Zona Leste,Musculacao,44,3.06,False,0,False,False,False,False,False,Ativo,495,16.26,False,1697.54,2024-08,35-44,Medio-Presencial,False,False,False,False
1130,2024-04-30,,Anual,89.9,Zona Leste,Musculacao,25,3.7,True,11,False,False,False,False,False,Ativo,610,20.04,False,1801.6,2024-04,25-34,Alto,False,False,False,False
1131,2024-09-10,,Anual,89.9,Zona Leste,Spinning,25,2.05,False,0,False,False,False,False,False,Ativo,477,15.67,False,1408.73,2024-09,25-34,Baixo,False,False,False,False
1132,2024-02-20,2024-03-07,Mensal,129.9,Zona Oeste,Funcional,34,1.4,True,5,False,False,False,False,True,Cancelado,16,0.53,True,68.85,2024-02,25-34,Medio-Digital,False,False,False,False
1133,2025-02-16,,Mensal,123.4,Centro,Musculacao,37,3.26,False,0,False,False,False,False,False,Ativo,318,10.45,False,1289.53,2025-02,35-44,Medio-Presencial,False,False,False,False
1134,2024-12-24,2025-01-09,Trimestral,109.9,Zona Oeste,Crossfit,23,1.53,False,0,False,False,False,False,True,Cancelado,16,0.53,True,58.25,2024-12,16-24,Baixo,False,False,False,False
1135,2024-07-09,,Anual,89.9,Zona Oeste,Crossfit,31,5.36,True,54,False,False,True,True,False,Ativo,540,17.74,False,1594.83,2024-07,25-34,Alto,False,False,False,True
1136,2025-03-15,,Mensal,129.9,Zona Leste,Spinning,31,1.13,False,0,False,False,False,False,False,Ativo,291,9.56,False,1241.84,2025-03,25-34,Baixo,False,False,False,False
1137,2024-04-11,2024-12-12,Mensal,129.9,Zona Oeste,Crossfit,33,1.26,True,4,False,False,False,False,True,Cancelado,245,8.05,False,1045.7,2024-04,25-34,Medio-Digital,False,False,False,False
1138,2024-01-08,,Mensal,116.91,Zona Leste,Musculacao,30,3.31,True,7,False,False,False,False,False,Ativo,723,23.75,False,2776.61,2024-01,25-34,Alto,False,False,False,False
1139,2024-11-29,,Mensal,123.4,Centro,Funcional,30,3.89,True,12,False,False,False,False,False,Ativo,397,13.04,False,1609.14,2024-11,25-34,Alto,False,False,False,False
1140,2024-04-23,2024-08-30,Trimestral,104.4,Zona Leste,Crossfit,30,3.35,False,0,False,False,False,False,True,Cancelado,129,4.24,False,442.66,2024-04,25-34,Medio-Presencial,False,False,False,False
1141,2025-08-22,,Mensal,129.9,Zona Oeste,Yoga,48,1.68,False,0,False,False,False,False,False,Ativo,131,4.3,False,558.57,2025-08,45-54,Baixo,False,False,False,False
1142,2024-07-30,2024-10-24,Trimestral,109.9,Zona Oeste,Yoga,19,1.67,False,0,False,False,False,False,True,Cancelado,86,2.83,False,311.02,2024-07,16-24,Baixo,False,False,False,False
1143,2024-10-27,,Anual,89.9,Zona Oeste,Spinning,23,3.81,True,12,False,False,False,False,False,Ativo,430,14.13,False,1270.29,2024-10,16-24,Alto,False,False,False,False
1144,2024-07-24,,Trimestral,109.9,Centro,Yoga,21,3.17,True,11,False,False,False,False,False,Ativo,525,17.25,False,1895.78,2024-07,16-24,Alto,False,False,False,False
1145,2024-10-30,2025-01-12,Mensal,129.9,Zona Leste,Funcional,27,2.53,True,12,False,False,False,False,True,Cancelado,74,2.43,False,315.66,2024-10,25-34,Medio-Digital,False,False,False,False
1146,2024-03-08,,Mensal,123.4,Centro,Musculacao,28,3.26,True,20,False,False,False,False,False,Ativo,663,21.78,False,2687.65,2024-03,25-34,Alto,False,False,False,False
1147,2025-10-15,2025-11-14,Trimestral,109.9,Zona Oeste,Musculacao,26,3.07,False,0,False,False,False,False,True,Cancelado,30,0.99,True,108.8,2025-10,25-34,Medio-Presencial,False,False,False,False
1148,2024-04-30,2024-08-08,Trimestral,109.9,Centro,Yoga,44,1.6,False,0,False,False,False,False,True,Cancelado,100,3.29,False,361.57,2024-04,35-44,Baixo,False,False,False,False
1149,2024-10-03,,Mensal,116.91,Zona Oeste,Funcional,41,2.54,False,0,False,False,False,False,False,Ativo,454,14.91,False,1743.13,2024-10,35-44,Baixo,False,False,False,False
1150,2025-08-15,,Anual,307.0,Centro,Spinning,33,4.67,False,0,False,True,False,True,False,Ativo,138,4.53,False,1390.71,2025-08,25-34,Medio-Presencial,False,False,False,True
1151,2024-10-25,,Mensal,129.9,Centro,Crossfit,28,2.72,True,54,False,False,True,True,False,Ativo,432,14.19,False,1843.28,2024-10,25-34,Medio-Digital,False,False,False,True
1152,2025-05-05,,Anual,85.4,Zona Leste,Funcional,43,4.63,True,18,False,False,False,False,False,Ativo,240,7.88,False,672.95,2025-05,35-44,Alto,False,False,False,False
1153,2024-02-17,,Mensal,129.9,Centro,Musculacao,32,4.5,True,45,False,False,True,True,False,Ativo,683,22.44,False,2914.96,2024-02,25-34,Alto,False,False,False,True
1154,2024-07-26,2025-03-07,Mensal,129.9,Zona Oeste,Spinning,23,2.82,True,6,False,False,False,False,True,Cancelado,224,7.36,False,956.06,2024-07,16-24,Medio-Digital,False,False,False,False
1155,2025-06-15,2025-08-22,Mensal,129.9,Zona Oeste,Funcional,22,3.09,True,52,False,False,True,True,True,Cancelado,68,2.23,False,289.68,2025-06,16-24,Alto,False,False,False,True
1156,2024-07-03,,Mensal,391.02,Centro,Yoga,27,2.63,True,8,False,True,False,True,False,Ativo,546,17.94,False,7014.9,2024-07,25-34,Medio-Digital,True,False,True,True
1157,2024-10-16,,Mensal,129.9,Zona Leste,Funcional,40,4.13,True,13,False,False,False,False,False,Ativo,441,14.49,False,1882.25,2024-10,35-44,Alto,False,False,False,False
1158,2024-02-26,2024-08-04,Mensal,129.9,Zona Oeste,Spinning,57,2.59,False,0,False,False,False,False,True,Cancelado,160,5.26,False,683.27,2024-02,55+,Baixo,False,False,False,False
1159,2024-12-19,,Mensal,129.9,Zona Leste,Funcional,33,3.26,True,9,False,False,False,False,False,Ativo,377,12.39,False,1609.46,2024-12,25-34,Alto,False,False,False,False
1160,2024-09-01,,Trimestral,109.9,Zona Leste,Funcional,24,3.73,True,14,False,False,False,False,False,Ativo,486,15.97,False,1755.1,2024-09,16-24,Alto,False,False,False,False
1161,2025-08-25,2025-12-29,Mensal,123.4,Centro,Yoga,19,0.94,False,0,False,False,False,False,True,Cancelado,126,4.14,False,510.88,2025-08,16-24,Baixo,False,False,False,False
1162,2024-10-05,,Trimestral,109.9,Zona Leste,Musculacao,38,4.28,True,8,False,False,False,False,False,Ativo,452,14.85,False,1632.02,2024-10,35-44,Alto,False,False,False,False
1163,2025-08-02,,Trimestral,109.9,Zona Leste,Yoga,39,3.56,False,0,False,False,False,False,False,Ativo,151,4.96,False,545.1,2025-08,35-44,Medio-Presencial,False,False,False,False
1164,2025-09-24,,Mensal,129.9,Zona Leste,Spinning,38,5.69,True,23,False,False,False,False,False,Ativo,98,3.22,False,418.28,2025-09,35-44,Alto,False,False,False,False
1165,2025-08-10,2025-11-25,Mensal,129.9,Zona Oeste,Musculacao,41,1.54,True,3,False,False,False,False,True,Cancelado,107,3.52,False,457.25,2025-08,35-44,Medio-Digital,False,False,False,False
1166,2025-06-04,,Anual,89.9,Centro,Funcional,33,4.06,False,0,False,False,False,False,False,Ativo,210,6.9,False,620.31,2025-06,25-34,Medio-Presencial,False,False,False,False
1167,2025-02-12,,Trimestral,109.9,Centro,Funcional,30,2.64,False,0,False,False,False,False,False,Ativo,322,10.58,False,1162.74,2025-02,25-34,Baixo,False,False,False,False
1168,2024-12-01,2025-08-15,Mensal,129.9,Zona Leste,Spinning,38,1.01,False,0,False,False,False,False,True,Cancelado,257,8.44,False,1096.36,2024-12,35-44,Baixo,False,False,False,False
1169,2024-02-26,,Trimestral,109.9,Zona Oeste,Yoga,34,1.07,False,0,False,False,False,False,False,Ativo,674,22.14,False,2433.19,2024-02,25-34,Baixo,False,False,False,False
1170,2024-04-04,,Mensal,123.4,Zona Oeste,Musculacao,23,6.27,True,17,False,False,False,False,False,Ativo,636,20.89,False,2577.83,2024-04,16-24,Alto,False,False,False,False
1171,2024-09-23,,Mensal,116.91,Zona Oeste,Musculacao,52,3.51,False,0,False,False,False,False,False,Ativo,464,15.24,False,1781.71,2024-09,45-54,Medio-Presencial,False,False,False,False
1172,2025-04-04,,Trimestral,109.9,Zona Leste,Musculacao,28,3.02,True,14,False,False,False,False,False,Ativo,271,8.9,False,978.11,2025-04,25-34,Alto,False,False,False,False
1173,2024-01-04,2025-01-31,Mensal,349.79,Zona Leste,Spinning,41,1.2,False,0,False,True,False,True,True,Cancelado,393,12.91,False,4515.79,2024-01,35-44,Baixo,True,False,True,True
1174,2025-10-17,,Trimestral,109.9,Zona Oeste,Funcional,29,6.33,True,26,False,False,False,False,False,Ativo,75,2.46,False,270.35,2025-10,25-34,Alto,False,False,False,False
1175,2025-11-25,,Mensal,129.9,Zona Oeste,Yoga,46,2.05,False,0,False,False,False,False,False,Ativo,36,1.18,False,153.28,2025-11,45-54,Baixo,False,False,False,False
1176,2024-02-24,,Trimestral,109.9,Zona Oeste,Funcional,48,3.85,True,9,False,False,False,False,False,Ativo,676,22.21,False,2440.88,2024-02,45-54,Alto,False,False,False,False
1177,2024-03-08,,Mensal,116.91,Zona Oeste,Musculacao,32,3.24,True,8,False,False,False,False,False,Ativo,663,21.78,False,2546.3,2024-03,25-34,Alto,False,False,False,False
1178,2025-08-17,,Mensal,123.4,Centro,Musculacao,38,7.0,True,23,False,False,False,False,False,Ativo,136,4.47,False,551.6,2025-08,35-44,Alto,False,False,False,False
1179,2024-05-19,,Mensal,129.9,Zona Oeste,Musculacao,38,3.05,False,0,False,False,False,False,False,Ativo,591,19.42,False,2522.66,2024-05,35-44,Medio-Presencial,False,False,False,False
1180,2024-05-06,,Mensal,116.91,Zona Leste,Funcional,25,2.31,True,12,False,False,False,False,False,Ativo,604,19.84,False,2319.49,2024-05,25-34,Medio-Digital,False,False,False,False
1181,2024-05-11,2024-08-17,Trimestral,109.9,Centro,Musculacao,38,3.79,True,66,False,False,True,True,True,Cancelado,98,3.22,False,353.88,2024-05,35-44,Alto,False,False,False,True
1182,2025-05-05,,Mensal,129.9,Centro,Spinning,23,3.26,True,13,False,False,False,False,False,Ativo,240,7.88,False,1023.61,2025-05,16-24,Alto,False,False,False,False
1183,2024-04-02,,Mensal,129.9,Zona Leste,Yoga,25,7.0,True,21,False,False,False,False,False,Ativo,638,20.96,False,2722.7,2024-04,25-34,Alto,False,False,False,False
1184,2024-05-08,,Mensal,129.9,Zona Oeste,Funcional,44,3.02,True,8,False,False,False,False,False,Ativo,602,19.78,False,2569.42,2024-05,35-44,Alto,False,False,False,False
1185,2024-10-05,2025-05-21,Mensal,123.4,Zona Leste,Musculacao,43,1.51,False,0,False,False,False,False,True,Cancelado,228,7.49,False,924.27,2024-10,35-44,Baixo,False,False,False,False
1186,2025-02-24,,Trimestral,109.9,Zona Oeste,Musculacao,24,2.78,True,10,False,False,False,False,False,Ativo,310,10.18,False,1118.78,2025-02,16-24,Medio-Digital,False,False,False,False
1187,2025-11-24,,Mensal,129.9,Zona Leste,Funcional,24,3.54,True,21,False,False,False,False,False,Ativo,37,1.22,False,158.48,2025-11,16-24,Alto,False,False,False,False
1188,2024-06-15,,Anual,89.9,Zona Oeste,Spinning,33,4.43,True,17,False,False,False,False,False,Ativo,564,18.53,False,1665.85,2024-06,25-34,Alto,False,False,False,False
1189,2024-06-27,,Mensal,123.4,Zona Leste,Musculacao,40,1.13,True,4,False,False,False,False,False,Ativo,552,18.13,False,2237.24,2024-06,35-44,Medio-Digital,False,False,False,False
1190,2025-01-14,2025-07-03,Trimestral,109.9,Zona Oeste,Crossfit,21,2.61,True,0,False,False,False,False,True,Cancelado,170,5.58,False,613.24,2025-01,16-24,Medio-Digital,False,False,False,False
1191,2024-10-19,,Mensal,129.9,Centro,Spinning,36,7.0,True,28,False,False,False,False,False,Ativo,438,14.39,False,1869.26,2024-10,35-44,Alto,False,False,False,False
1192,2025-02-24,2025-05-03,Mensal,129.9,Zona Leste,Spinning,40,1.82,False,0,False,False,False,False,True,Cancelado,68,2.23,False,289.68,2025-02,35-44,Baixo,False,False,False,False
1193,2024-06-21,,Anual,85.4,Centro,Musculacao,31,3.26,True,18,False,False,False,False,False,Ativo,558,18.33,False,1565.38,2024-06,25-34,Alto,False,False,False,False
1194,2025-03-08,2025-04-17,Anual,89.9,Centro,Musculacao,43,3.12,True,10,False,False,False,False,True,Cancelado,40,1.31,True,117.77,2025-03,35-44,Alto,False,False,False,False
1195,2025-10-09,,Anual,89.9,Centro,Musculacao,29,3.67,True,0,False,False,False,False,False,Ativo,83,2.73,False,245.43,2025-10,25-34,Alto,False,False,False,False
1196,2025-04-22,,Mensal,123.4,Zona Leste,Musculacao,30,1.22,True,4,False,False,False,False,False,Ativo,253,8.31,False,1025.45,2025-04,25-34,Medio-Digital,False,False,False,False
1197,2025-05-29,,Mensal,129.9,Centro,Funcional,21,2.71,True,12,False,False,False,False,False,Ativo,216,7.1,False,922.29,2025-05,16-24,Medio-Digital,False,False,False,False
1198,2024-02-18,,Trimestral,319.32,Zona Leste,Spinning,43,3.77,True,10,False,True,False,True,False,Ativo,682,22.4,False,7152.77,2024-02,35-44,Alto,True,False,True,True
1199,2025-09-23,,Mensal,129.9,Zona Leste,Crossfit,24,3.04,True,8,False,False,False,False,False,Ativo,99,3.25,False,422.18,2025-09,16-24,Alto,False,False,False,False
1200,2025-05-07,2025-11-21,Trimestral,109.9,Centro,Crossfit,36,3.05,True,9,False,False,False,False,True,Cancelado,198,6.5,False,714.35,2025-05,35-44,Alto,False,False,False,False
1201,2025-03-14,,Trimestral,109.9,Zona Oeste,Musculacao,33,4.39,False,0,False,False,False,False,False,Ativo,292,9.59,False,1053.94,2025-03,25-34,Medio-Presencial,False,False,False,False
1202,2024-04-18,,Trimestral,330.95,Zona Oeste,Musculacao,20,1.67,False,0,False,True,False,True,False,Ativo,622,20.43,False,6761.31,2024-04,16-24,Baixo,True,False,True,True
1203,2025-01-22,,Trimestral,109.9,Zona Leste,Yoga,25,3.85,False,0,False,False,False,False,False,Ativo,343,11.27,False,1238.57,2025-01,25-34,Medio-Presencial,False,False,False,False
1204,2025-04-18,2025-05-18,Trimestral,109.9,Centro,Crossfit,47,1.02,True,2,False,False,False,False,True,Cancelado,30,0.99,True,108.8,2025-04,45-54,Medio-Digital,False,False,False,False
1205,2025-03-12,,Mensal,129.9,Zona Oeste,Crossfit,34,3.26,True,14,False,False,False,False,False,Ativo,294,9.66,False,1254.83,2025-03,25-34,Alto,False,False,False,False
1206,2024-03-27,,Mensal,116.91,Zona Oeste,Musculacao,21,2.86,True,9,False,False,False,False,False,Ativo,644,21.16,False,2473.82,2024-03,16-24,Medio-Digital,False,False,False,False
1207,2024-01-29,,Trimestral,109.9,Centro,Musculacao,35,4.85,True,21,False,False,False,False,False,Ativo,702,23.06,False,2534.29,2024-01,35-44,Alto,False,False,False,False
1208,2024-12-01,2025-02-09,Mensal,129.9,Zona Leste,Musculacao,30,0.43,False,0,False,False,False,False,True,Cancelado,70,2.3,False,298.77,2024-12,25-34,Baixo,False,False,False,False
1209,2025-05-17,2025-07-29,Mensal,129.9,Zona Leste,Yoga,70,4.27,True,20,False,False,False,False,True,Cancelado,73,2.4,False,311.76,2025-05,55+,Alto,False,False,False,False
1210,2024-09-27,2024-12-03,Mensal,129.9,Zona Oeste,Funcional,35,2.01,True,12,False,False,False,False,True,Cancelado,67,2.2,False,285.78,2024-09,35-44,Medio-Digital,False,False,False,False
1211,2025-04-26,2025-08-07,Trimestral,109.9,Centro,Spinning,28,3.26,False,0,False,False,False,False,True,Cancelado,103,3.38,False,371.46,2025-04,25-34,Medio-Presencial,False,False,False,False
1212,2025-11-08,,Trimestral,109.9,Zona Leste,Funcional,48,4.56,True,17,False,False,False,False,False,Ativo,53,1.74,False,191.23,2025-11,45-54,Alto,False,False,False,False
1213,2025-09-14,,Trimestral,109.9,Zona Leste,Musculacao,30,3.23,True,9,False,False,False,False,False,Ativo,108,3.55,False,390.14,2025-09,25-34,Alto,False,False,False,False
1214,2025-03-17,,Mensal,129.9,Zona Leste,Funcional,33,4.05,True,15,False,False,False,False,False,Ativo,289,9.49,False,1232.75,2025-03,25-34,Alto,False,False,False,False
1215,2025-05-24,2025-07-22,Mensal,123.4,Centro,Musculacao,54,2.6,True,6,False,False,False,False,True,Cancelado,59,1.94,True,239.4,2025-05,45-54,Medio-Digital,False,False,False,False
1216,2024-03-02,,Mensal,123.4,Zona Leste,Funcional,31,5.65,False,0,False,False,False,False,False,Ativo,669,21.98,False,2712.33,2024-03,25-34,Medio-Presencial,False,False,False,False
1217,2024-02-29,2024-07-27,Mensal,123.4,Zona Oeste,Funcional,46,2.85,True,0,False,False,False,False,True,Cancelado,149,4.89,False,603.43,2024-02,45-54,Medio-Digital,False,False,False,False
1218,2025-05-05,,Trimestral,109.9,Centro,Funcional,28,3.13,True,10,False,False,False,False,False,Ativo,240,7.88,False,866.01,2025-05,25-34,Alto,False,False,False,False
1219,2025-07-14,2025-10-22,Trimestral,109.9,Zona Leste,Musculacao,48,3.16,True,12,False,False,False,False,True,Cancelado,100,3.29,False,361.57,2025-07,45-54,Alto,False,False,False,False
1220,2024-05-15,,Mensal,129.9,Zona Oeste,Yoga,36,3.08,False,0,False,False,False,False,False,Ativo,595,19.55,False,2539.54,2024-05,35-44,Medio-Presencial,False,False,False,False
1221,2025-02-18,2025-06-17,Mensal,123.4,Zona Oeste,Funcional,33,1.46,False,0,False,False,False,False,True,Cancelado,119,3.91,False,482.49,2025-02,25-34,Baixo,False,False,False,False
1222,2024-07-19,,Mensal,123.4,Centro,Musculacao,24,1.79,True,7,False,False,False,False,False,Ativo,530,17.41,False,2148.39,2024-07,16-24,Medio-Digital,False,False,False,False
1223,2024-03-16,2024-10-05,Anual,80.91,Zona Leste,Musculacao,26,5.49,False,0,False,False,False,False,True,Cancelado,203,6.67,False,539.67,2024-03,25-34,Medio-Presencial,False,False,False,False
1224,2024-09-21,,Trimestral,109.9,Zona Leste,Funcional,36,4.85,True,24,False,False,False,False,False,Ativo,466,15.31,False,1682.57,2024-09,35-44,Alto,False,False,False,False
1225,2024-11-09,,Mensal,123.4,Zona Leste,Musculacao,47,4.45,False,0,False,False,False,False,False,Ativo,417,13.7,False,1690.58,2024-11,45-54,Medio-Presencial,False,False,False,False
1226,2025-06-27,2025-09-25,Anual,89.9,Zona Oeste,Musculacao,44,4.41,True,18,False,False,False,False,True,Cancelado,90,2.96,False,266.1,2025-06,35-44,Alto,False,False,False,False
1227,2025-08-28,,Mensal,123.4,Centro,Musculacao,37,2.33,True,6,False,False,False,False,False,Ativo,125,4.11,False,507.17,2025-08,35-44,Medio-Digital,False,False,False,False
1228,2025-10-22,2025-12-24,Mensal,129.9,Zona Leste,Musculacao,17,2.2,True,6,False,False,False,False,True,Cancelado,63,2.07,False,268.89,2025-10,16-24,Medio-Digital,False,False,False,False
1229,2024-03-14,,Anual,89.9,Zona Leste,Spinning,17,3.56,False,0,False,False,False,False,False,Ativo,657,21.58,False,1940.04,2024-03,16-24,Medio-Presencial,False,False,False,False
1230,2025-10-09,,Mensal,129.9,Centro,Funcional,38,5.33,False,0,False,False,False,False,False,Ativo,83,2.73,False,354.63,2025-10,35-44,Medio-Presencial,False,False,False,False
1231,2024-12-28,,Mensal,116.91,Zona Leste,Musculacao,17,3.41,True,17,False,False,False,False,False,Ativo,368,12.09,False,1413.44,2024-12,16-24,Alto,False,False,False,False
1232,2024-04-29,,Trimestral,109.9,Zona Leste,Funcional,30,1.99,True,7,False,False,False,False,False,Ativo,611,20.07,False,2205.69,2024-04,25-34,Medio-Digital,False,False,False,False
1233,2025-03-29,2025-07-19,Mensal,129.9,Zona Oeste,Musculacao,35,1.28,True,7,False,False,False,False,True,Cancelado,112,3.68,False,478.03,2025-03,35-44,Medio-Digital,False,False,False,False
1234,2024-02-12,,Trimestral,109.9,Zona Leste,Musculacao,19,4.92,True,19,False,False,False,False,False,Ativo,688,22.6,False,2483.74,2024-02,16-24,Alto,False,False,False,False
1235,2024-11-19,,Mensal,129.9,Zona Leste,Musculacao,21,6.17,True,26,False,False,False,False,False,Ativo,407,13.37,False,1736.76,2024-11,16-24,Alto,False,False,False,False
1236,2025-08-02,,Mensal,352.2,Zona Oeste,Yoga,31,1.1,True,5,False,True,False,True,False,Ativo,151,4.96,False,1746.91,2025-08,25-34,Medio-Digital,False,False,False,True
1237,2025-11-10,,Mensal,129.9,Zona Leste,Crossfit,38,4.75,True,18,False,False,False,False,False,Ativo,51,1.68,False,218.23,2025-11,35-44,Alto,False,False,False,False
1238,2024-07-20,,Mensal,129.9,Zona Oeste,Spinning,44,3.81,True,11,False,False,False,False,False,Ativo,529,17.38,False,2257.66,2024-07,35-44,Alto,False,False,False,False
1239,2024-05-02,2024-07-21,Mensal,123.4,Zona Oeste,Musculacao,33,1.97,False,0,False,False,False,False,True,Cancelado,80,2.63,False,324.54,2024-05,25-34,Baixo,False,False,False,False
1240,2025-02-11,,Mensal,129.9,Zona Oeste,Musculacao,33,3.44,True,22,False,False,False,False,False,Ativo,323,10.61,False,1378.24,2025-02,25-34,Alto,False,False,False,False
1241,2024-04-20,2024-08-04,Anual,89.9,Zona Leste,Musculacao,24,2.13,True,7,False,False,False,False,True,Cancelado,106,3.48,False,312.85,2024-04,16-24,Medio-Digital,False,False,False,False
1242,2025-11-16,,Mensal,129.9,Centro,Yoga,20,2.74,True,12,False,False,False,False,False,Ativo,45,1.48,False,192.25,2025-11,16-24,Medio-Digital,False,False,False,False
1243,2024-08-17,,Mensal,129.9,Zona Leste,Musculacao,26,3.1,True,14,False,False,False,False,False,Ativo,501,16.46,False,2138.15,2024-08,25-34,Alto,False,False,False,False
1244,2024-05-10,,Mensal,129.9,Zona Oeste,Musculacao,37,5.62,True,20,False,False,False,False,False,Ativo,600,19.71,False,2560.33,2024-05,35-44,Alto,False,False,False,False
1245,2024-06-15,2024-11-10,Mensal,129.9,Zona Leste,Funcional,36,3.26,False,0,False,False,False,False,True,Cancelado,148,4.86,False,631.31,2024-06,35-44,Medio-Presencial,False,False,False,False
1246,2024-09-19,2024-12-06,Mensal,129.9,Centro,Spinning,24,2.09,True,9,False,False,False,False,True,Cancelado,78,2.56,False,332.54,2024-09,16-24,Medio-Digital,False,False,False,False
1247,2025-06-03,,Trimestral,104.4,Zona Leste,Yoga,23,3.92,True,11,False,False,False,False,False,Ativo,211,6.93,False,723.49,2025-06,16-24,Alto,False,False,False,False
1248,2025-08-30,,Mensal,123.4,Zona Leste,Musculacao,45,4.1,False,0,False,False,False,False,False,Ativo,123,4.04,False,498.54,2025-08,45-54,Medio-Presencial,False,False,False,False
1249,2025-05-30,,Anual,85.4,Zona Oeste,Yoga,33,2.6,True,62,False,False,True,True,False,Ativo,215,7.06,False,602.92,2025-05,25-34,Medio-Digital,False,False,False,True
1250,2025-03-30,,Anual,89.9,Zona Leste,Musculacao,16,2.25,True,0,False,False,False,False,False,Ativo,276,9.07,False,815.39,2025-03,16-24,Medio-Digital,False,False,False,False
1251,2024-07-08,2024-10-02,Mensal,129.9,Zona Leste,Yoga,58,1.78,False,0,False,False,False,False,True,Cancelado,86,2.83,False,367.62,2024-07,55+,Baixo,False,False,False,False
1252,2025-10-18,,Mensal,116.91,Zona Oeste,Spinning,32,5.63,True,19,False,False,False,False,False,Ativo,74,2.43,False,284.09,2025-10,25-34,Alto,False,False,False,False
1253,2025-11-30,,Mensal,123.4,Centro,Musculacao,36,4.01,True,0,False,False,False,False,False,Ativo,31,1.02,False,125.87,2025-11,35-44,Alto,False,False,False,False
1254,2025-03-18,2025-05-28,Trimestral,109.9,Zona Leste,Yoga,36,2.82,False,0,False,False,False,False,True,Cancelado,71,2.33,False,256.07,2025-03,35-44,Baixo,False,False,False,False
1255,2025-07-02,,Mensal,129.9,Centro,Musculacao,28,5.16,False,0,False,False,False,False,False,Ativo,182,5.98,False,776.8,2025-07,25-34,Medio-Presencial,False,False,False,False
1256,2024-07-31,,Anual,89.9,Centro,Musculacao,24,2.59,True,8,False,False,False,False,False,Ativo,518,17.02,False,1530.1,2024-07,16-24,Medio-Digital,False,False,False,False
1257,2024-11-09,,Trimestral,109.9,Centro,Yoga,55,3.2,True,12,False,False,False,False,False,Ativo,417,13.7,False,1505.63,2024-11,55+,Alto,False,False,False,False
1259,2024-10-23,,Mensal,129.9,Zona Oeste,Crossfit,41,5.05,True,11,False,False,False,False,False,Ativo,434,14.26,False,1852.37,2024-10,35-44,Alto,False,False,False,False
1260,2025-06-15,,Anual,80.91,Zona Oeste,Funcional,38,2.5,True,7,False,False,False,False,False,Ativo,199,6.54,False,529.15,2025-06,35-44,Medio-Digital,False,False,False,False
1261,2025-08-24,2025-10-30,Mensal,129.9,Zona Oeste,Funcional,21,1.98,True,37,False,False,False,False,True,Cancelado,67,2.2,False,285.78,2025-08,16-24,Medio-Digital,False,False,False,False
1262,2025-10-15,,Mensal,129.9,Centro,Musculacao,46,3.71,False,0,False,False,False,False,False,Ativo,77,2.53,False,328.65,2025-10,45-54,Medio-Presencial,False,False,False,False
1263,2024-07-23,2024-12-03,Mensal,129.9,Zona Leste,Musculacao,23,0.73,False,0,False,False,False,False,True,Cancelado,133,4.37,False,567.66,2024-07,16-24,Baixo,False,False,False,False
1264,2024-11-29,,Anual,85.4,Zona Leste,Crossfit,35,1.92,True,10,False,False,False,False,False,Ativo,397,13.04,False,1113.62,2024-11,35-44,Medio-Digital,False,False,False,False
1265,2024-09-27,2025-09-30,Trimestral,104.4,Zona Leste,Musculacao,33,4.63,True,12,False,False,False,False,True,Cancelado,368,12.09,False,1262.2,2024-09,25-34,Alto,False,False,False,False
1266,2024-12-17,2025-07-26,Trimestral,109.9,Centro,Spinning,43,2.02,True,8,False,False,False,False,True,Cancelado,221,7.26,False,797.87,2024-12,35-44,Medio-Digital,False,False,False,False
1267,2025-06-03,,Mensal,129.9,Zona Leste,Musculacao,36,7.0,True,0,False,False,False,False,False,Ativo,211,6.93,False,900.21,2025-06,35-44,Alto,False,False,False,False
1268,2024-08-14,,Anual,89.9,Zona Oeste,Musculacao,23,3.89,True,17,False,False,False,False,False,Ativo,504,16.56,False,1488.74,2024-08,16-24,Alto,False,False,False,False
1269,2024-06-12,2024-08-14,Mensal,123.4,Centro,Funcional,41,1.05,False,0,False,False,False,False,True,Cancelado,63,2.07,False,255.44,2024-06,35-44,Baixo,False,False,False,False
1270,2024-07-07,2024-10-14,Mensal,129.9,Centro,Yoga,38,3.26,False,0,False,False,False,False,True,Cancelado,99,3.25,False,422.18,2024-07,35-44,Medio-Presencial,False,False,False,False
1271,2025-06-20,,Anual,85.4,Zona Leste,Yoga,55,6.87,True,24,False,False,False,False,False,Ativo,194,6.37,False,544.0,2025-06,55+,Alto,False,False,False,False
1272,2025-11-28,,Mensal,129.9,Centro,Crossfit,47,3.34,True,19,False,False,False,False,False,Ativo,33,1.08,False,140.29,2025-11,45-54,Alto,False,False,False,False
1273,2024-03-13,2024-08-24,Mensal,129.9,Centro,Musculacao,29,2.77,True,0,False,False,False,False,True,Cancelado,164,5.39,False,700.16,2024-03,25-34,Medio-Digital,False,False,False,False
1274,2025-11-15,,Trimestral,109.9,Zona Leste,Spinning,32,3.59,True,15,False,False,False,False,False,Ativo,46,1.51,False,165.95,2025-11,25-34,Alto,False,False,False,False
1275,2024-01-23,2024-05-25,Mensal,129.9,Zona Oeste,Musculacao,42,1.04,False,0,False,False,False,False,True,Cancelado,123,4.04,False,524.8,2024-01,35-44,Baixo,False,False,False,False
1276,2025-01-05,2025-02-20,Mensal,129.9,Zona Leste,Funcional,44,3.0,False,0,False,False,False,False,True,Cancelado,46,1.51,True,196.15,2025-01,35-44,Medio-Presencial,False,False,False,False
1277,2024-04-03,2024-07-20,Mensal,129.9,Zona Oeste,Musculacao,28,1.84,True,0,False,False,False,False,True,Cancelado,108,3.55,False,461.14,2024-04,25-34,Medio-Digital,False,False,False,False
1278,2025-10-30,,Mensal,123.4,Zona Oeste,Funcional,32,2.91,True,0,False,False,False,False,False,Ativo,62,2.04,False,251.74,2025-10,25-34,Medio-Digital,False,False,False,False
1279,2025-06-17,,Anual,89.9,Zona Leste,Musculacao,35,2.92,True,10,False,False,False,False,False,Ativo,197,6.47,False,581.65,2025-06,35-44,Medio-Digital,False,False,False,False
1280,2024-09-06,,Trimestral,98.91,Zona Leste,Yoga,38,3.5,False,0,False,False,False,False,False,Ativo,481,15.8,False,1562.78,2024-09,35-44,Medio-Presencial,False,False,False,False
1281,2025-04-25,2025-11-05,Mensal,129.9,Zona Leste,Musculacao,31,2.57,True,10,False,False,False,False,True,Cancelado,194,6.37,False,827.46,2025-04,25-34,Medio-Digital,False,False,False,False
1282,2025-08-17,,Mensal,129.9,Zona Leste,Crossfit,31,2.29,False,0,False,False,False,False,False,Ativo,136,4.47,False,580.65,2025-08,25-34,Baixo,False,False,False,False
1283,2024-06-01,2024-07-15,Mensal,116.91,Zona Oeste,Musculacao,47,1.73,False,0,False,False,False,False,True,Cancelado,44,1.45,True,169.52,2024-06,45-54,Baixo,False,False,False,False
1284,2025-03-20,,Trimestral,104.4,Zona Leste,Crossfit,45,1.32,True,8,False,False,False,False,False,Ativo,286,9.4,False,981.36,2025-03,45-54,Medio-Digital,False,False,False,False
1285,2024-07-28,2024-09-22,Anual,89.9,Zona Leste,Musculacao,37,1.48,True,6,False,False,False,False,True,Cancelado,56,1.84,True,165.42,2024-07,35-44,Medio-Digital,False,False,False,False
1286,2025-05-16,,Anual,89.9,Zona Oeste,Musculacao,51,1.94,True,4,False,False,False,False,False,Ativo,229,7.52,False,676.05,2025-05,45-54,Medio-Digital,False,False,False,False
1287,2025-02-01,,Mensal,129.9,Zona Oeste,Musculacao,28,4.21,True,20,False,False,False,False,False,Ativo,333,10.94,False,1421.11,2025-02,25-34,Alto,False,False,False,False
1288,2025-05-17,2025-06-06,Mensal,129.9,Zona Oeste,Musculacao,50,1.67,False,0,False,False,False,False,True,Cancelado,20,0.66,True,85.73,2025-05,45-54,Baixo,False,False,False,False
1289,2025-03-21,,Mensal,129.9,Centro,Funcional,38,2.08,True,4,False,False,False,False,False,Ativo,285,9.36,False,1215.86,2025-03,35-44,Medio-Digital,False,False,False,False
1290,2025-03-21,,Trimestral,109.9,Zona Leste,Musculacao,68,2.34,False,0,False,False,False,False,False,Ativo,285,9.36,False,1028.66,2025-03,55+,Baixo,False,False,False,False
1291,2024-02-29,,Mensal,129.9,Centro,Musculacao,19,2.39,True,0,False,False,False,False,False,Ativo,671,22.04,False,2863.0,2024-02,16-24,Medio-Digital,False,False,False,False
1292,2025-08-19,,Trimestral,109.9,Zona Leste,Funcional,24,4.09,True,8,False,False,False,False,False,Ativo,134,4.4,False,483.56,2025-08,16-24,Alto,False,False,False,False
1293,2024-04-30,2024-09-18,Trimestral,104.4,Zona Oeste,Yoga,37,2.81,False,0,False,False,False,False,True,Cancelado,141,4.63,False,483.37,2024-04,35-44,Baixo,False,False,False,False
1294,2024-10-01,,Mensal,123.4,Centro,Funcional,36,4.61,False,0,False,False,False,False,False,Ativo,456,14.98,False,1848.53,2024-10,35-44,Medio-Presencial,False,False,False,False
1295,2024-12-23,2025-02-13,Mensal,123.4,Centro,Funcional,33,1.4,False,0,False,False,False,False,True,Cancelado,52,1.71,True,211.01,2024-12,25-34,Baixo,False,False,False,False
1296,2025-08-17,,Mensal,129.9,Zona Oeste,Musculacao,25,4.37,True,15,False,False,False,False,False,Ativo,136,4.47,False,580.65,2025-08,25-34,Alto,False,False,False,False
1297,2025-03-16,,Mensal,129.9,Zona Oeste,Yoga,42,5.95,False,0,False,False,False,False,False,Ativo,290,9.53,False,1237.95,2025-03,35-44,Medio-Presencial,False,False,False,False
1298,2024-05-08,2024-06-18,Mensal,129.9,Zona Leste,Musculacao,45,2.98,False,0,False,False,False,False,True,Cancelado,41,1.35,True,175.36,2024-05,45-54,Baixo,False,False,False,False
1299,2024-07-19,2024-09-11,Trimestral,109.9,Zona Oeste,Musculacao,40,1.85,False,0,False,False,False,False,True,Cancelado,54,1.77,True,194.52,2024-07,35-44,Baixo,False,False,False,False
1300,2024-05-19,2024-06-13,Mensal,129.9,Zona Oeste,Musculacao,21,3.88,True,17,False,False,False,False,True,Cancelado,25,0.82,True,106.52,2024-05,16-24,Alto,False,False,False,False
1301,2025-02-17,2025-06-29,Mensal,129.9,Centro,Funcional,47,3.01,True,14,False,False,False,False,True,Cancelado,132,4.34,False,563.77,2025-02,45-54,Alto,False,False,False,False
1302,2025-05-17,,Trimestral,109.9,Zona Oeste,Musculacao,46,3.79,True,13,False,False,False,False,False,Ativo,228,7.49,False,823.15,2025-05,45-54,Alto,False,False,False,False
1303,2025-05-11,,Trimestral,109.9,Zona Leste,Funcional,39,4.93,True,21,False,False,False,False,False,Ativo,234,7.69,False,845.13,2025-05,35-44,Alto,False,False,False,False
1304,2025-06-09,2025-10-07,Mensal,129.9,Zona Oeste,Musculacao,34,2.45,True,7,False,False,False,False,True,Cancelado,120,3.94,False,511.81,2025-06,25-34,Medio-Digital,False,False,False,False
1305,2025-05-06,,Trimestral,109.9,Zona Leste,Spinning,34,2.49,True,59,False,False,True,True,False,Ativo,239,7.85,False,862.72,2025-05,25-34,Medio-Digital,False,False,False,True
1306,2025-09-23,,Anual,89.9,Zona Leste,Spinning,31,7.0,True,35,False,False,False,False,False,Ativo,99,3.25,False,292.18,2025-09,25-34,Alto,False,False,False,False
1307,2025-09-26,2025-11-07,Trimestral,109.9,Zona Leste,Musculacao,39,4.16,True,18,False,False,False,False,True,Cancelado,42,1.38,True,151.66,2025-09,35-44,Alto,False,False,False,False
1308,2024-07-11,,Trimestral,98.91,Zona Oeste,Spinning,33,5.34,True,18,False,False,False,False,False,Ativo,538,17.67,False,1747.74,2024-07,25-34,Alto,False,False,False,False
1309,2024-08-01,,Mensal,129.9,Zona Leste,Funcional,23,4.54,True,16,False,False,False,False,False,Ativo,517,16.98,False,2205.7,2024-08,16-24,Alto,False,False,False,False
1310,2024-02-09,,Anual,85.4,Zona Leste,Spinning,33,5.67,True,28,False,False,False,False,False,Ativo,691,22.7,False,1938.58,2024-02,25-34,Alto,False,False,False,False
1311,2024-07-06,,Mensal,123.4,Zona Leste,Musculacao,24,3.6,False,0,False,False,False,False,False,Ativo,543,17.84,False,2201.46,2024-07,16-24,Medio-Presencial,False,False,False,False
1312,2024-12-21,,Anual,89.9,Centro,Funcional,34,5.36,True,24,False,False,False,False,False,Ativo,375,12.32,False,1107.57,2024-12,25-34,Alto,False,False,False,False
1313,2025-04-06,,Trimestral,109.9,Zona Oeste,Musculacao,32,3.26,True,9,False,False,False,False,False,Ativo,269,8.84,False,971.52,2025-04,25-34,Alto,False,False,False,False
1314,2025-09-04,2025-11-04,Mensal,129.9,Zona Leste,Musculacao,34,1.05,False,0,False,False,False,False,True,Cancelado,61,2.0,False,259.8,2025-09,25-34,Baixo,False,False,False,False
1315,2025-02-19,2025-08-20,Mensal,129.9,Zona Leste,Musculacao,38,1.8,True,2,False,False,False,False,True,Cancelado,182,5.98,False,776.8,2025-02,35-44,Medio-Digital,False,False,False,False
1316,2025-11-11,,Trimestral,109.9,Zona Oeste,Spinning,25,3.03,True,21,False,False,False,False,False,Ativo,50,1.64,False,180.24,2025-11,25-34,Alto,False,False,False,False
1317,2025-01-22,,Trimestral,104.4,Zona Leste,Musculacao,48,2.84,False,0,False,False,False,False,False,Ativo,343,11.27,False,1176.59,2025-01,45-54,Baixo,False,False,False,False
1318,2025-08-23,,Mensal,116.91,Zona Oeste,Funcional,29,3.02,True,10,False,False,False,False,False,Ativo,130,4.27,False,499.21,2025-08,25-34,Alto,False,False,False,False
1319,2025-07-19,2025-12-25,Trimestral,109.9,Zona Leste,Musculacao,27,2.27,False,0,False,False,False,False,True,Cancelado,159,5.22,False,573.68,2025-07,25-34,Baixo,False,False,False,False
1320,2024-12-08,,Anual,89.9,Centro,Yoga,37,1.34,True,7,False,False,False,False,False,Ativo,388,12.75,False,1146.23,2024-12,35-44,Medio-Digital,False,False,False,False
1321,2025-09-02,2025-11-15,Mensal,129.9,Zona Leste,Musculacao,30,2.41,True,11,False,False,False,False,True,Cancelado,74,2.43,False,315.66,2025-09,25-34,Medio-Digital,False,False,False,False
1322,2025-08-27,,Mensal,123.4,Zona Oeste,Funcional,23,1.3,True,0,False,False,False,False,False,Ativo,126,4.14,False,510.88,2025-08,16-24,Medio-Digital,False,False,False,False
1323,2024-08-06,,Mensal,129.9,Zona Leste,Yoga,43,2.95,True,6,False,False,False,False,False,Ativo,512,16.82,False,2184.92,2024-08,35-44,Medio-Digital,False,False,False,False
1324,2024-05-29,,Trimestral,109.9,Centro,Musculacao,29,3.94,True,0,False,False,False,False,False,Ativo,581,19.09,False,2097.99,2024-05,25-34,Alto,False,False,False,False
1325,2024-03-26,2024-08-04,Mensal,123.4,Centro,Musculacao,44,2.39,False,0,False,False,False,False,True,Cancelado,131,4.3,False,530.62,2024-03,35-44,Baixo,False,False,False,False
1326,2025-10-06,,Anual,89.9,Zona Oeste,Spinning,49,2.09,True,5,False,False,False,False,False,Ativo,86,2.83,False,254.42,2025-10,45-54,Medio-Digital,False,False,False,False
1327,2024-11-05,,Mensal,129.9,Zona Oeste,Crossfit,28,3.1,True,12,False,False,False,False,False,Ativo,421,13.83,False,1796.52,2024-11,25-34,Alto,False,False,False,False
1328,2025-01-31,,Trimestral,109.9,Zona Leste,Crossfit,35,7.0,True,24,False,False,False,False,False,Ativo,334,10.97,False,1205.6,2025-01,35-44,Alto,False,False,False,False
1329,2024-07-10,,Mensal,129.9,Centro,Musculacao,33,3.91,True,20,False,False,False,False,False,Ativo,539,17.71,False,2300.53,2024-07,25-34,Alto,False,False,False,False
1330,2024-09-29,2025-02-18,Mensal,129.9,Zona Oeste,Yoga,27,4.06,True,8,False,False,False,False,True,Cancelado,142,4.66,False,605.33,2024-09,25-34,Alto,False,False,False,False
1331,2024-10-08,,Trimestral,109.9,Zona Leste,Musculacao,42,2.5,True,9,False,False,False,False,False,Ativo,449,14.75,False,1621.02,2024-10,35-44,Medio-Digital,False,False,False,False
1332,2025-02-11,,Mensal,129.9,Zona Oeste,Musculacao,25,1.87,True,9,False,False,False,False,False,Ativo,323,10.61,False,1378.24,2025-02,25-34,Medio-Digital,False,False,False,False
1333,2024-05-02,,Mensal,123.4,Zona Oeste,Funcional,27,5.13,True,9,False,False,False,False,False,Ativo,608,19.97,False,2464.3,2024-05,25-34,Alto,False,False,False,False
1334,2025-07-02,2025-07-19,Anual,89.9,Centro,Spinning,23,1.16,False,0,False,False,False,False,True,Cancelado,17,0.56,True,50.34,2025-07,16-24,Baixo,False,False,False,False
1335,2024-09-30,,Anual,85.4,Zona Oeste,Spinning,36,2.53,True,5,False,False,False,False,False,Ativo,457,15.01,False,1281.85,2024-09,35-44,Medio-Digital,False,False,False,False
1336,2024-06-17,,Anual,89.9,Zona Oeste,Yoga,45,7.0,False,0,False,False,False,False,False,Ativo,562,18.46,False,1659.55,2024-06,45-54,Medio-Presencial,False,False,False,False
1337,2024-01-11,2024-02-20,Mensal,123.4,Zona Oeste,Musculacao,30,2.86,False,0,False,False,False,False,True,Cancelado,40,1.31,True,161.65,2024-01,25-34,Baixo,False,False,False,False
1338,2024-03-12,2024-07-30,Trimestral,109.9,Zona Leste,Funcional,18,1.39,False,0,False,False,False,False,True,Cancelado,140,4.6,False,505.54,2024-03,16-24,Baixo,False,False,False,False
1339,2024-07-07,,Anual,85.4,Zona Leste,Musculacao,20,4.3,True,18,False,False,False,False,False,Ativo,542,17.81,False,1520.97,2024-07,16-24,Alto,False,False,False,False
1340,2025-05-28,2025-09-21,Mensal,129.9,Zona Leste,Musculacao,36,2.4,False,0,False,False,False,False,True,Cancelado,116,3.81,False,494.92,2025-05,35-44,Baixo,False,False,False,False
1341,2025-08-21,,Mensal,129.9,Centro,Musculacao,52,0.98,True,3,False,False,False,False,False,Ativo,132,4.34,False,563.77,2025-08,45-54,Medio-Digital,False,False,False,False
1342,2025-10-28,,Trimestral,109.9,Zona Leste,Crossfit,36,3.64,False,0,False,False,False,False,False,Ativo,64,2.1,False,230.79,2025-10,35-44,Medio-Presencial,False,False,False,False
1343,2024-07-27,,Mensal,129.9,Zona Leste,Spinning,28,3.26,True,15,False,False,False,False,False,Ativo,522,17.15,False,2227.78,2024-07,25-34,Alto,False,False,False,False
1344,2025-03-21,,Trimestral,98.91,Zona Leste,Musculacao,40,3.28,True,12,False,False,False,False,False,Ativo,285,9.36,False,925.8,2025-03,35-44,Alto,False,False,False,False
1345,2024-07-06,2024-11-09,Anual,80.91,Zona Leste,Funcional,29,4.43,True,0,False,False,False,False,True,Cancelado,126,4.14,False,334.97,2024-07,25-34,Alto,False,False,False,False
1346,2024-04-09,2025-01-20,Trimestral,104.4,Zona Oeste,Crossfit,28,1.73,False,0,False,False,False,False,True,Cancelado,286,9.4,False,981.36,2024-04,25-34,Baixo,False,False,False,False
1347,2025-01-15,,Mensal,439.42,Zona Leste,Crossfit,21,3.56,False,0,False,True,False,True,False,Ativo,350,11.5,False,5053.33,2025-01,16-24,Medio-Presencial,True,False,True,True
1348,2025-03-26,,Mensal,123.4,Zona Leste,Funcional,47,3.26,True,11,False,False,False,False,False,Ativo,280,9.2,False,1135.28,2025-03,45-54,Alto,False,False,False,False
1349,2025-06-16,,Mensal,123.4,Zona Oeste,Musculacao,20,5.07,True,18,False,False,False,False,False,Ativo,198,6.5,False,802.1,2025-06,16-24,Alto,False,False,False,False
1350,2024-03-22,2024-07-07,Mensal,129.9,Zona Leste,Funcional,41,1.97,False,0,False,False,False,False,True,Cancelado,107,3.52,False,457.25,2024-03,35-44,Baixo,False,False,False,False
1351,2025-06-06,,Trimestral,109.9,Zona Leste,Yoga,27,3.26,True,29,False,False,False,False,False,Ativo,208,6.83,False,750.62,2025-06,25-34,Alto,False,False,False,False
1352,2024-07-31,,Anual,89.9,Zona Leste,Crossfit,27,5.05,True,21,False,False,False,False,False,Ativo,518,17.02,False,1530.1,2024-07,25-34,Alto,False,False,False,False
1353,2024-07-13,,Mensal,129.9,Centro,Musculacao,51,2.8,True,11,False,False,False,False,False,Ativo,536,17.61,False,2287.54,2024-07,45-54,Medio-Digital,False,False,False,False
1354,2024-01-23,,Mensal,129.9,Zona Leste,Spinning,24,3.03,True,10,False,False,False,False,False,Ativo,708,23.26,False,3021.47,2024-01,16-24,Alto,False,False,False,False
1355,2024-05-23,,Anual,85.4,Zona Oeste,Musculacao,25,1.19,False,0,False,False,False,False,False,Ativo,587,19.28,False,1646.51,2024-05,25-34,Baixo,False,False,False,False
1356,2024-12-07,,Mensal,129.9,Centro,Funcional,31,2.99,True,9,False,False,False,False,False,Ativo,389,12.78,False,1660.12,2024-12,25-34,Medio-Digital,False,False,False,False
1357,2024-05-12,,Mensal,129.9,Zona Oeste,Musculacao,37,4.34,True,9,False,False,False,False,False,Ativo,598,19.65,False,2552.54,2024-05,35-44,Alto,False,False,False,False
1358,2024-08-12,2024-11-05,Mensal,129.9,Zona Leste,Musculacao,27,2.57,True,15,False,False,False,False,True,Cancelado,85,2.79,False,362.42,2024-08,25-34,Medio-Digital,False,False,False,False
1359,2025-01-06,,Trimestral,104.4,Zona Oeste,Musculacao,20,5.32,True,18,False,False,False,False,False,Ativo,359,11.79,False,1230.88,2025-01,16-24,Alto,False,False,False,False
1360,2024-03-09,,Mensal,116.91,Zona Oeste,Funcional,22,3.26,True,15,False,False,False,False,False,Ativo,662,21.75,False,2542.79,2024-03,16-24,Alto,False,False,False,False
1361,2025-09-04,,Trimestral,104.4,Zona Leste,Crossfit,46,7.0,True,24,False,False,False,False,False,Ativo,118,3.88,False,405.07,2025-09,45-54,Alto,False,False,False,False
1362,2024-08-04,,Mensal,129.9,Zona Oeste,Yoga,33,2.05,True,7,False,False,False,False,False,Ativo,514,16.89,False,2194.01,2024-08,25-34,Medio-Digital,False,False,False,False
1363,2025-06-15,,Trimestral,109.9,Zona Leste,Crossfit,37,4.38,True,14,False,False,False,False,False,Ativo,199,6.54,False,718.75,2025-06,35-44,Alto,False,False,False,False
1364,2025-03-29,,Mensal,129.9,Zona Leste,Yoga,29,1.32,False,0,False,False,False,False,False,Ativo,277,9.1,False,1182.09,2025-03,25-34,Baixo,False,False,False,False
1365,2025-06-09,,Mensal,129.9,Zona Leste,Funcional,25,2.7,False,0,False,False,False,False,False,Ativo,205,6.73,False,874.23,2025-06,25-34,Baixo,False,False,False,False
1366,2024-07-21,,Mensal,129.9,Zona Leste,Musculacao,50,3.89,True,12,False,False,False,False,False,Ativo,528,17.35,False,2253.77,2024-07,45-54,Alto,False,False,False,False
1367,2024-04-30,,Mensal,129.9,Zona Leste,Funcional,30,4.26,True,14,False,False,False,False,False,Ativo,610,20.04,False,2603.2,2024-04,25-34,Alto,False,False,False,False
1368,2024-04-10,2024-06-11,Mensal,129.9,Zona Oeste,Musculacao,27,2.46,True,5,False,False,False,False,True,Cancelado,62,2.04,False,265.0,2024-04,25-34,Medio-Digital,False,False,False,False
1369,2024-06-09,,Mensal,129.9,Centro,Musculacao,33,5.34,False,0,False,False,False,False,False,Ativo,570,18.73,False,2433.03,2024-06,25-34,Medio-Presencial,False,False,False,False
1370,2025-01-16,,Mensal,123.4,Zona Leste,Musculacao,24,5.93,True,25,False,False,False,False,False,Ativo,349,11.47,False,1415.4,2025-01,16-24,Alto,False,False,False,False
1371,2025-03-13,,Mensal,129.9,Zona Oeste,Yoga,25,2.06,True,8,False,False,False,False,False,Ativo,293,9.63,False,1250.94,2025-03,25-34,Medio-Digital,False,False,False,False
1372,2025-06-11,,Anual,89.9,Zona Oeste,Funcional,32,3.29,False,0,False,False,False,False,False,Ativo,203,6.67,False,599.63,2025-06,25-34,Medio-Presencial,False,False,False,False
1373,2025-11-05,,Mensal,129.9,Zona Leste,Crossfit,32,2.59,True,5,False,False,False,False,False,Ativo,56,1.84,False,239.02,2025-11,25-34,Medio-Digital,False,False,False,False
1374,2025-08-04,2025-11-25,Trimestral,109.9,Zona Leste,Crossfit,35,2.5,False,0,False,False,False,False,True,Cancelado,113,3.71,False,407.73,2025-08,35-44,Baixo,False,False,False,False
1375,2024-09-06,,Anual,89.9,Zona Leste,Musculacao,55,6.29,True,13,False,False,False,False,False,Ativo,481,15.8,False,1420.42,2024-09,55+,Alto,False,False,False,False
1376,2024-11-26,,Mensal,129.9,Zona Leste,Musculacao,36,5.71,True,16,False,False,False,False,False,Ativo,400,13.14,False,1706.89,2024-11,35-44,Alto,False,False,False,False
1377,2025-10-30,,Trimestral,109.9,Zona Leste,Crossfit,36,2.89,True,6,False,False,False,False,False,Ativo,62,2.04,False,224.2,2025-10,35-44,Medio-Digital,False,False,False,False
1378,2025-05-12,,Anual,89.9,Zona Leste,Yoga,33,4.67,True,24,False,False,False,False,False,Ativo,233,7.65,False,687.74,2025-05,25-34,Alto,False,False,False,False
1379,2024-10-18,,Trimestral,109.9,Zona Oeste,Crossfit,32,5.29,True,14,False,False,False,False,False,Ativo,439,14.42,False,1584.76,2024-10,25-34,Alto,False,False,False,False
1380,2025-08-06,,Mensal,123.4,Zona Leste,Musculacao,32,3.41,False,0,False,False,False,False,False,Ativo,147,4.83,False,596.02,2025-08,25-34,Medio-Presencial,False,False,False,False
1381,2024-04-05,,Mensal,123.4,Zona Leste,Musculacao,33,2.53,True,11,False,False,False,False,False,Ativo,635,20.86,False,2574.12,2024-04,25-34,Medio-Digital,False,False,False,False
1382,2025-04-16,2025-08-29,Mensal,129.9,Zona Leste,Crossfit,32,1.98,False,0,False,False,False,False,True,Cancelado,135,4.43,False,575.46,2025-04,25-34,Baixo,False,False,False,False
1383,2025-10-26,,Mensal,129.9,Zona Oeste,Musculacao,31,4.32,True,14,False,False,False,False,False,Ativo,66,2.17,False,281.88,2025-10,25-34,Alto,False,False,False,False
1384,2025-01-04,2025-02-20,Anual,89.9,Zona Leste,Musculacao,39,1.94,False,0,False,False,False,False,True,Cancelado,47,1.54,True,138.45,2025-01,35-44,Baixo,False,False,False,False
1385,2025-03-05,,Anual,89.9,Zona Oeste,Spinning,26,3.12,True,8,False,False,False,False,False,Ativo,301,9.89,False,889.11,2025-03,25-34,Alto,False,False,False,False
1386,2024-02-11,2024-08-08,Mensal,129.9,Zona Leste,Musculacao,22,2.33,True,9,False,False,False,False,True,Cancelado,179,5.88,False,763.81,2024-02,16-24,Medio-Digital,False,False,False,False
1387,2025-02-27,,Trimestral,109.9,Zona Leste,Musculacao,65,1.59,False,0,False,False,False,False,False,Ativo,307,10.09,False,1108.89,2025-02,55+,Baixo,False,False,False,False
1388,2024-07-22,,Mensal,129.9,Centro,Crossfit,24,2.86,True,10,False,False,False,False,False,Ativo,527,17.31,False,2248.57,2024-07,16-24,Medio-Digital,False,False,False,False
1389,2025-11-27,,Anual,80.91,Zona Leste,Crossfit,33,3.26,True,6,False,False,False,False,False,Ativo,34,1.12,False,90.62,2025-11,25-34,Alto,False,False,False,False
1390,2024-08-11,2024-11-01,Mensal,129.9,Zona Leste,Crossfit,30,1.75,False,0,False,False,False,False,True,Cancelado,82,2.69,False,349.43,2024-08,25-34,Baixo,False,False,False,False
1391,2024-08-07,,Anual,85.4,Zona Leste,Musculacao,33,6.18,True,0,False,False,False,False,False,Ativo,511,16.79,False,1433.87,2024-08,25-34,Alto,False,False,False,False
1392,2024-10-03,,Anual,89.9,Centro,Musculacao,22,4.89,True,20,False,False,False,False,False,Ativo,454,14.91,False,1340.41,2024-10,16-24,Alto,False,False,False,False
1393,2025-05-02,,Mensal,129.9,Zona Oeste,Spinning,27,3.06,True,11,False,False,False,False,False,Ativo,243,7.98,False,1036.6,2025-05,25-34,Alto,False,False,False,False
1394,2025-10-27,,Mensal,116.91,Zona Oeste,Spinning,43,4.68,False,0,False,False,False,False,False,Ativo,65,2.14,False,250.19,2025-10,35-44,Medio-Presencial,False,False,False,False
1395,2024-08-30,2024-11-23,Anual,89.9,Centro,Musculacao,37,5.79,False,0,False,False,False,False,True,Cancelado,85,2.79,False,250.82,2024-08,35-44,Medio-Presencial,False,False,False,False
1396,2024-05-26,,Mensal,371.15,Zona Leste,Yoga,38,5.76,True,10,False,True,False,True,False,Ativo,584,19.19,False,7122.37,2024-05,35-44,Alto,True,False,True,True
1397,2025-06-19,2025-09-22,Mensal,116.91,Centro,Crossfit,33,2.04,False,0,False,False,False,False,True,Cancelado,95,3.12,False,364.76,2025-06,25-34,Baixo,False,False,False,False
1398,2025-01-14,,Anual,89.9,Zona Leste,Spinning,52,5.22,True,28,False,False,False,False,False,Ativo,351,11.53,False,1036.55,2025-01,45-54,Alto,False,False,False,False
1399,2024-11-14,2025-01-02,Trimestral,109.9,Zona Oeste,Musculacao,19,2.97,True,0,False,False,False,False,True,Cancelado,49,1.61,True,176.94,2024-11,16-24,Medio-Digital,False,False,False,False
1401,2024-12-12,,Mensal,129.9,Zona Leste,Musculacao,43,2.1,True,9,False,False,False,False,False,Ativo,384,12.61,False,1638.04,2024-12,35-44,Medio-Digital,False,False,False,False
1402,2025-03-09,,Mensal,129.9,Centro,Musculacao,38,2.98,True,7,False,False,False,False,False,Ativo,297,9.76,False,1267.82,2025-03,35-44,Medio-Digital,False,False,False,False
1403,2025-11-18,,Anual,89.9,Zona Leste,Spinning,23,5.26,True,27,False,False,False,False,False,Ativo,43,1.41,False,126.76,2025-11,16-24,Alto,False,False,False,False
1404,2024-05-26,,Mensal,123.4,Centro,Spinning,34,6.49,True,16,False,False,False,False,False,Ativo,584,19.19,False,2368.05,2024-05,25-34,Alto,False,False,False,False
1405,2025-09-23,,Mensal,129.9,Zona Leste,Spinning,27,2.83,True,12,False,False,False,False,False,Ativo,99,3.25,False,422.18,2025-09,25-34,Medio-Digital,False,False,False,False
1406,2025-11-03,,Mensal,129.9,Zona Oeste,Yoga,32,1.78,True,0,False,False,False,False,False,Ativo,58,1.91,False,248.11,2025-11,25-34,Medio-Digital,False,False,False,False
1407,2024-11-25,,Anual,89.9,Centro,Musculacao,29,7.0,True,21,False,False,False,False,False,Ativo,401,13.17,False,1183.98,2024-11,25-34,Alto,False,False,False,False
1408,2024-08-23,,Mensal,129.9,Zona Leste,Musculacao,43,2.0,True,0,False,False,False,False,False,Ativo,495,16.26,False,2112.17,2024-08,35-44,Medio-Digital,False,False,False,False
1409,2024-04-23,,Anual,85.4,Centro,Musculacao,33,1.62,True,6,False,False,False,False,False,Ativo,617,20.27,False,1731.06,2024-04,25-34,Medio-Digital,False,False,False,False
1410,2024-02-03,,Trimestral,109.9,Zona Oeste,Musculacao,31,2.44,True,6,False,False,False,False,False,Ativo,697,22.9,False,2516.71,2024-02,25-34,Medio-Digital,False,False,False,False
1411,2025-11-19,,Anual,89.9,Zona Oeste,Funcional,27,1.24,False,0,False,False,False,False,False,Ativo,42,1.38,False,124.06,2025-11,25-34,Baixo,False,False,False,False
1412,2024-10-28,,Anual,85.4,Zona Leste,Yoga,33,3.26,True,71,False,False,True,True,False,Ativo,429,14.09,False,1203.29,2024-10,25-34,Alto,False,False,False,True
1413,2025-04-12,2025-05-13,Anual,85.4,Zona Oeste,Crossfit,36,1.49,False,0,False,False,False,False,True,Cancelado,31,1.02,True,87.11,2025-04,35-44,Baixo,False,False,False,False
1414,2024-06-17,,Anual,85.4,Zona Oeste,Funcional,22,2.47,False,0,False,False,False,False,False,Ativo,562,18.46,False,1576.48,2024-06,16-24,Baixo,False,False,False,False
1415,2024-08-14,2025-02-15,Mensal,129.9,Zona Oeste,Spinning,19,1.52,False,0,False,False,False,False,True,Cancelado,185,6.08,False,789.79,2024-08,16-24,Baixo,False,False,False,False
1417,2025-04-04,,Mensal,129.9,Zona Leste,Spinning,38,6.49,True,26,False,False,False,False,False,Ativo,271,8.9,False,1156.11,2025-04,35-44,Alto,False,False,False,False
1418,2024-06-02,2024-08-14,Mensal,129.9,Centro,Musculacao,30,3.81,True,10,False,False,False,False,True,Cancelado,73,2.4,False,311.76,2024-06,25-34,Alto,False,False,False,False
1419,2024-01-04,,Anual,85.4,Zona Leste,Crossfit,19,1.93,True,53,False,False,True,True,False,Ativo,727,23.88,False,2039.35,2024-01,16-24,Medio-Digital,False,False,False,True
1420,2025-07-27,,Anual,89.9,Zona Oeste,Spinning,33,7.0,True,23,False,False,False,False,False,Ativo,157,5.16,False,463.88,2025-07,25-34,Alto,False,False,False,False
1421,2024-02-26,,Trimestral,109.9,Centro,Musculacao,29,3.84,True,0,False,False,False,False,False,Ativo,674,22.14,False,2433.19,2024-02,25-34,Alto,False,False,False,False
1422,2024-01-26,,Mensal,368.62,Zona Leste,Musculacao,21,3.26,True,18,False,True,False,True,False,Ativo,705,23.16,False,8537.24,2024-01,16-24,Alto,True,False,True,True
1423,2024-07-29,2025-01-17,Mensal,116.91,Zona Leste,Musculacao,24,1.2,False,0,False,False,False,False,True,Cancelado,172,5.65,False,660.54,2024-07,16-24,Baixo,False,False,False,False
1424,2025-10-12,,Mensal,129.9,Zona Oeste,Crossfit,41,7.0,True,27,False,False,False,False,False,Ativo,80,2.63,False,341.64,2025-10,35-44,Alto,False,False,False,False
1425,2025-03-27,,Mensal,116.91,Zona Leste,Musculacao,28,2.44,False,0,False,False,False,False,False,Ativo,279,9.17,False,1072.06,2025-03,25-34,Baixo,False,False,False,False
1426,2024-01-30,2024-06-23,Mensal,129.9,Zona Oeste,Musculacao,27,1.14,False,0,False,False,False,False,True,Cancelado,145,4.76,False,618.32,2024-01,25-34,Baixo,False,False,False,False
1427,2025-10-03,2025-12-09,Mensal,129.9,Zona Oeste,Musculacao,54,3.39,True,12,False,False,False,False,True,Cancelado,67,2.2,False,285.78,2025-10,45-54,Alto,False,False,False,False
1428,2025-10-18,,Mensal,129.9,Zona Oeste,Yoga,36,4.85,True,0,False,False,False,False,False,Ativo,74,2.43,False,315.66,2025-10,35-44,Alto,False,False,False,False
1429,2025-05-02,,Trimestral,98.91,Zona Leste,Spinning,36,4.36,True,10,False,False,False,False,False,Ativo,243,7.98,False,789.3,2025-05,35-44,Alto,False,False,False,False
1430,2024-02-21,,Mensal,337.12,Zona Oeste,Funcional,28,3.26,True,67,False,True,True,True,False,Ativo,679,22.31,False,7521.15,2024-02,25-34,Alto,True,False,True,True
1431,2024-01-11,,Anual,89.9,Zona Oeste,Musculacao,25,4.48,False,0,False,False,False,False,False,Ativo,720,23.65,False,2126.14,2024-01,25-34,Medio-Presencial,False,False,False,False
1432,2025-09-02,,Trimestral,109.9,Zona Leste,Musculacao,34,3.48,True,12,False,False,False,False,False,Ativo,120,3.94,False,433.01,2025-09,25-34,Alto,False,False,False,False
1433,2025-07-29,,Mensal,129.9,Zona Oeste,Crossfit,43,1.2,False,0,False,False,False,False,False,Ativo,155,5.09,False,661.19,2025-07,35-44,Baixo,False,False,False,False
1434,2025-08-04,,Mensal,129.9,Centro,Musculacao,37,2.7,True,8,False,False,False,False,False,Ativo,149,4.89,False,635.21,2025-08,35-44,Medio-Digital,False,False,False,False
1435,2024-12-06,2025-06-13,Mensal,123.4,Zona Oeste,Musculacao,30,2.5,False,0,False,False,False,False,True,Cancelado,189,6.21,False,766.31,2024-12,25-34,Baixo,False,False,False,False
1436,2025-02-20,,Anual,89.9,Zona Oeste,Funcional,30,6.32,True,13,False,False,False,False,False,Ativo,314,10.32,False,927.77,2025-02,25-34,Alto,False,False,False,False
1437,2024-05-01,,Mensal,369.07,Zona Leste,Musculacao,40,5.11,True,50,False,True,True,True,False,Ativo,609,20.01,False,7385.09,2024-05,35-44,Alto,True,False,True,True
1438,2024-01-26,2024-02-19,Mensal,129.9,Zona Leste,Musculacao,24,2.32,True,10,False,False,False,False,True,Cancelado,24,0.79,True,102.62,2024-01,16-24,Medio-Digital,False,False,False,False
1439,2024-06-03,,Anual,89.9,Zona Leste,Yoga,26,5.01,True,19,False,False,False,False,False,Ativo,576,18.92,False,1700.91,2024-06,25-34,Alto,False,False,False,False
1440,2025-03-10,,Anual,89.9,Zona Leste,Spinning,20,3.46,True,11,False,False,False,False,False,Ativo,296,9.72,False,873.83,2025-03,16-24,Alto,False,False,False,False
1441,2024-10-08,2024-10-21,Mensal,116.91,Centro,Musculacao,51,1.07,False,0,False,False,False,False,True,Cancelado,13,0.43,True,50.27,2024-10,45-54,Baixo,False,False,False,False
1442,2025-03-08,2025-04-18,Mensal,129.9,Zona Leste,Musculacao,42,0.65,False,0,False,False,False,False,True,Cancelado,41,1.35,True,175.36,2025-03,35-44,Baixo,False,False,False,False
1443,2024-11-04,,Mensal,129.9,Centro,Funcional,48,4.19,True,11,False,False,False,False,False,Ativo,422,13.86,False,1800.41,2024-11,45-54,Alto,False,False,False,False
1444,2025-01-25,2025-05-12,Mensal,129.9,Zona Leste,Musculacao,42,1.64,False,0,False,False,False,False,True,Cancelado,107,3.52,False,457.25,2025-01,35-44,Baixo,False,False,False,False
1445,2025-10-27,,Mensal,123.4,Zona Leste,Musculacao,31,3.26,True,3,False,False,False,False,False,Ativo,65,2.14,False,264.08,2025-10,25-34,Alto,False,False,False,False
1446,2025-03-18,,Trimestral,104.4,Zona Leste,Funcional,27,3.26,True,8,False,False,False,False,False,Ativo,288,9.46,False,987.62,2025-03,25-34,Alto,False,False,False,False
1447,2025-10-29,,Anual,85.4,Zona Leste,Funcional,17,4.79,False,0,False,False,False,False,False,Ativo,63,2.07,False,176.78,2025-10,16-24,Medio-Presencial,False,False,False,False
1448,2025-11-08,,Mensal,129.9,Centro,Crossfit,53,5.15,False,0,False,False,False,False,False,Ativo,53,1.74,False,226.03,2025-11,45-54,Medio-Presencial,False,False,False,False
1449,2025-03-08,2025-10-13,Trimestral,104.4,Centro,Musculacao,35,5.34,True,22,False,False,False,False,True,Cancelado,219,7.19,False,750.64,2025-03,35-44,Alto,False,False,False,False
1450,2025-11-27,,Mensal,129.9,Centro,Musculacao,33,0.99,True,4,False,False,False,False,False,Ativo,34,1.12,False,145.49,2025-11,25-34,Medio-Digital,False,False,False,False
1451,2024-06-23,2024-12-09,Trimestral,109.9,Zona Leste,Spinning,24,2.23,False,0,False,False,False,False,True,Cancelado,169,5.55,False,609.95,2024-06,16-24,Baixo,False,False,False,False
1452,2024-12-30,,Trimestral,109.9,Zona Oeste,Funcional,40,3.26,False,0,False,False,False,False,False,Ativo,366,12.02,False,1321.0,2024-12,35-44,Medio-Presencial,False,False,False,False
1453,2024-02-22,,Anual,89.9,Zona Leste,Musculacao,28,4.79,True,12,False,False,False,False,False,Ativo,678,22.27,False,2002.07,2024-02,25-34,Alto,False,False,False,False
1454,2024-03-05,,Anual,80.91,Centro,Funcional,29,2.55,True,10,False,False,False,False,False,Ativo,666,21.88,False,1770.31,2024-03,25-34,Medio-Digital,False,False,False,False
1455,2024-04-02,,Mensal,116.91,Zona Oeste,Musculacao,39,2.79,True,5,False,False,False,False,False,Ativo,638,20.96,False,2450.43,2024-04,35-44,Medio-Digital,False,False,False,False
1456,2024-04-03,,Mensal,129.9,Zona Leste,Yoga,35,4.43,False,0,False,False,False,False,False,Ativo,637,20.93,False,2718.81,2024-04,35-44,Medio-Presencial,False,False,False,False
1457,2024-10-14,,Mensal,129.9,Zona Leste,Yoga,50,3.09,False,0,False,False,False,False,False,Ativo,443,14.55,False,1890.04,2024-10,45-54,Medio-Presencial,False,False,False,False
1458,2025-05-19,,Mensal,123.4,Zona Leste,Spinning,34,3.58,True,15,False,False,False,False,False,Ativo,226,7.42,False,915.63,2025-05,25-34,Alto,False,False,False,False
1459,2025-11-21,,Anual,80.91,Zona Leste,Crossfit,46,3.29,True,13,False,False,False,False,False,Ativo,40,1.31,False,105.99,2025-11,45-54,Alto,False,False,False,False
1460,2025-11-18,,Mensal,123.4,Centro,Crossfit,20,4.88,True,17,False,False,False,False,False,Ativo,43,1.41,False,173.99,2025-11,16-24,Alto,False,False,False,False
1461,2024-05-05,,Trimestral,109.9,Centro,Musculacao,22,5.37,True,17,False,False,False,False,False,Ativo,605,19.88,False,2184.81,2024-05,16-24,Alto,False,False,False,False
1462,2024-11-01,,Mensal,129.9,Centro,Musculacao,19,3.92,True,9,False,False,False,False,False,Ativo,425,13.96,False,1813.4,2024-11,16-24,Alto,False,False,False,False
1463,2024-10-28,,Mensal,123.4,Zona Leste,Funcional,35,5.14,True,19,False,False,False,False,False,Ativo,429,14.09,False,1738.71,2024-10,35-44,Alto,False,False,False,False
1464,2024-03-09,,Mensal,123.4,Zona Oeste,Musculacao,33,7.0,True,30,False,False,False,False,False,Ativo,662,21.75,False,2683.95,2024-03,25-34,Alto,False,False,False,False
1465,2024-01-28,,Trimestral,104.4,Zona Leste,Musculacao,27,4.65,True,23,False,False,False,False,False,Ativo,703,23.09,False,2410.6,2024-01,25-34,Alto,False,False,False,False
1466,2024-09-04,,Trimestral,109.9,Zona Oeste,Musculacao,21,3.21,True,11,False,False,False,False,False,Ativo,483,15.87,False,1744.11,2024-09,16-24,Alto,False,False,False,False
1467,2025-08-22,,Mensal,129.9,Zona Leste,Crossfit,18,3.62,True,14,False,False,False,False,False,Ativo,131,4.3,False,558.57,2025-08,16-24,Alto,False,False,False,False
1468,2024-09-26,,Mensal,129.9,Zona Leste,Spinning,31,5.4,False,0,False,False,False,False,False,Ativo,461,15.14,False,1966.69,2024-09,25-34,Medio-Presencial,False,False,False,False
1469,2024-09-25,2024-10-21,Trimestral,104.4,Zona Oeste,Yoga,27,2.67,False,0,False,False,False,False,True,Cancelado,26,0.85,True,88.74,2024-09,25-34,Baixo,False,False,False,False
1470,2025-11-28,,Mensal,129.9,Zona Leste,Musculacao,24,2.32,True,10,False,False,False,False,False,Ativo,33,1.08,False,140.29,2025-11,16-24,Medio-Digital,False,False,False,False
1471,2024-09-21,2024-11-01,Anual,287.58,Zona Oeste,Musculacao,49,4.14,True,9,False,True,False,True,True,Cancelado,41,1.35,True,388.23,2024-09,45-54,Alto,False,False,False,True
1472,2025-04-25,,Mensal,123.4,Zona Oeste,Crossfit,31,2.93,False,0,False,False,False,False,False,Ativo,250,8.21,False,1013.11,2025-04,25-34,Baixo,False,False,False,False
1473,2025-11-17,,Mensal,123.4,Zona Leste,Musculacao,46,1.79,False,0,False,False,False,False,False,Ativo,44,1.45,False,178.93,2025-11,45-54,Baixo,False,False,False,False
1474,2024-03-23,2024-04-29,Mensal,129.9,Centro,Musculacao,26,3.31,True,14,False,False,False,False,True,Cancelado,37,1.22,True,158.48,2024-03,25-34,Alto,False,False,False,False
1475,2024-12-23,,Mensal,123.4,Zona Oeste,Musculacao,35,5.96,True,18,False,False,False,False,False,Ativo,373,12.25,False,1511.65,2024-12,35-44,Alto,False,False,False,False
1476,2024-08-23,,Mensal,365.85,Centro,Funcional,31,3.86,True,15,False,True,False,True,False,Ativo,495,16.26,False,5948.72,2024-08,25-34,Alto,True,False,True,True
1477,2024-03-24,2024-05-03,Mensal,129.9,Zona Oeste,Musculacao,52,1.59,False,0,False,False,False,False,True,Cancelado,40,1.31,True,170.17,2024-03,45-54,Baixo,False,False,False,False
1478,2024-02-03,,Anual,89.9,Zona Oeste,Musculacao,48,4.72,True,17,False,False,False,False,False,Ativo,697,22.9,False,2058.71,2024-02,45-54,Alto,False,False,False,False
1479,2025-03-29,,Mensal,129.9,Zona Oeste,Musculacao,31,2.62,True,17,False,False,False,False,False,Ativo,277,9.1,False,1182.09,2025-03,25-34,Medio-Digital,False,False,False,False
1480,2025-04-02,,Mensal,116.91,Centro,Musculacao,40,7.0,True,29,False,False,False,False,False,Ativo,273,8.97,False,1048.68,2025-04,35-44,Alto,False,False,False,False
1481,2025-01-28,,Mensal,123.4,Zona Oeste,Musculacao,24,4.01,True,13,False,False,False,False,False,Ativo,337,11.07,False,1366.04,2025-01,16-24,Alto,False,False,False,False
1482,2025-04-15,2025-08-31,Mensal,129.9,Zona Leste,Spinning,30,2.19,True,9,False,False,False,False,True,Cancelado,138,4.53,False,588.45,2025-04,25-34,Medio-Digital,False,False,False,False
1483,2025-05-18,,Trimestral,104.4,Zona Leste,Musculacao,33,4.58,True,17,False,False,False,False,False,Ativo,227,7.46,False,778.82,2025-05,25-34,Alto,False,False,False,False
1484,2024-02-10,,Mensal,129.9,Zona Oeste,Musculacao,46,3.43,True,15,False,False,False,False,False,Ativo,690,22.67,False,2944.83,2024-02,45-54,Alto,False,False,False,False
1485,2024-01-24,2024-09-30,Trimestral,109.9,Zona Leste,Funcional,35,5.92,True,0,False,False,False,False,True,Cancelado,250,8.21,False,902.28,2024-01,35-44,Alto,False,False,False,False
1486,2024-08-22,,Mensal,123.4,Zona Leste,Funcional,36,2.31,True,3,False,False,False,False,False,Ativo,496,16.29,False,2010.19,2024-08,35-44,Medio-Digital,False,False,False,False
1487,2025-02-01,2025-03-03,Anual,89.9,Zona Leste,Musculacao,47,4.55,True,15,False,False,False,False,True,Cancelado,30,0.99,True,89.0,2025-02,45-54,Alto,False,False,False,False
1488,2025-09-23,,Mensal,129.9,Zona Oeste,Musculacao,45,1.2,False,0,False,False,False,False,False,Ativo,99,3.25,False,422.18,2025-09,45-54,Baixo,False,False,False,False
1489,2025-11-16,,Anual,89.9,Zona Leste,Musculacao,40,3.78,False,0,False,False,False,False,False,Ativo,45,1.48,False,133.05,2025-11,35-44,Medio-Presencial,False,False,False,False
1490,2025-08-01,,Mensal,129.9,Zona Oeste,Crossfit,16,1.56,False,0,False,False,False,False,False,Ativo,152,4.99,False,648.2,2025-08,16-24,Baixo,False,False,False,False
1491,2024-07-22,2024-11-10,Mensal,116.91,Centro,Musculacao,24,3.37,True,7,False,False,False,False,True,Cancelado,111,3.65,False,426.72,2024-07,16-24,Alto,False,False,False,False
1492,2025-02-05,,Trimestral,109.9,Centro,Musculacao,21,4.01,True,16,False,False,False,False,False,Ativo,329,10.81,False,1188.02,2025-02,16-24,Alto,False,False,False,False
1493,2024-03-22,,Trimestral,109.9,Zona Leste,Spinning,40,4.17,True,17,False,False,False,False,False,Ativo,649,21.32,False,2343.07,2024-03,35-44,Alto,False,False,False,False
1494,2024-12-05,,Trimestral,109.9,Zona Oeste,Musculacao,34,2.56,False,0,False,False,False,False,False,Ativo,391,12.84,False,1411.12,2024-12,25-34,Baixo,False,False,False,False
1495,2024-03-10,2024-09-04,Mensal,123.4,Zona Oeste,Musculacao,17,3.28,False,0,False,False,False,False,True,Cancelado,178,5.85,False,721.89,2024-03,16-24,Medio-Presencial,False,False,False,False
1496,2025-11-25,,Trimestral,109.9,Zona Oeste,Musculacao,30,5.57,True,23,False,False,False,False,False,Ativo,36,1.18,False,129.68,2025-11,25-34,Alto,False,False,False,False
1497,2024-11-11,,Anual,89.9,Zona Oeste,Funcional,40,3.26,True,31,False,False,False,False,False,Ativo,415,13.63,False,1225.34,2024-11,35-44,Alto,False,False,False,False
1498,2025-05-20,,Trimestral,372.78,Zona Leste,Funcional,31,3.59,True,13,False,True,False,True,False,Ativo,225,7.39,False,2754.84,2025-05,25-34,Alto,False,False,False,True
1499,2024-03-13,,Mensal,129.9,Centro,Funcional,32,5.39,True,24,False,False,False,False,False,Ativo,658,21.62,False,2808.44,2024-03,25-34,Alto,False,False,False,False
1500,2025-10-28,,Trimestral,109.9,Zona Leste,Yoga,38,2.13,False,0,False,False,False,False,False,Ativo,64,2.1,False,230.79,2025-10,35-44,Baixo,False,False,False,False
